Country Name,Country Code,Series Name,Series Code,1995 [YR1995],1996 [YR1996],1997 [YR1997],1998 [YR1998],1999 [YR1999],2000 [YR2000],2001 [YR2001],2002 [YR2002],2003 [YR2003],2004 [YR2004],2005 [YR2005],2006 [YR2006],2007 [YR2007],2008 [YR2008],2009 [YR2009],2010 [YR2010],2011 [YR2011],2012 [YR2012],2013 [YR2013],2014 [YR2014],2015 [YR2015],2016 [YR2016],2017 [YR2017],2018 [YR2018]
Afghanistan,AFG,GDP (constant 2015 US$),NY.GDP.MKTP.KD,..,..,..,..,..,..,..,7228792185.8025,7867259194.15068,7978511520.99477,8874475611.97397,9349917056.94245,10642666466.7061,11060389403.7128,13426265139.5021,15354604611.6719,15420069703.0793,17386481260.8962,18360253681.3442,18860486754.6234,19134211763.859,19566705069.6652,20084636379.3769,20323488524.6834
Albania,ALB,GDP (constant 2015 US$),NY.GDP.MKTP.KD,4743487914.07233,5175145287.86025,4610020246.04493,5017058469.28803,5663797625.16614,6057217275.17097,6559561240.86077,6857137321.17618,7236243584.07859,7635298386.90052,8057257367.83525,8532849798.07516,9043392346.22084,9721650518.69391,10047742806.9025,10420206418.2643,10685442992.7045,10836881664.2072,10945469119.3118,11139690870.7706,11386850129.8411,11764322012.1672,12211628287.1601,12702457551.515
Algeria,DZA,GDP (constant 2015 US$),NY.GDP.MKTP.KD,81507197551.6835,84848991404.2002,85782330258.1499,90157232197.2361,93042265026.6002,96577871097.6118,99475207230.5398,105045818835.45,112609117791.603,117451309856.641,124380937138.183,126495413069.533,130796257113.896,133935367284.63,136078333161.184,140977153154.987,145065490596.481,149997717276.762,154197653360.511,160057164188.21,165979279263.174,171290616199.596,173517394210.19,175426085546.502
American Samoa,ASM,GDP (constant 2015 US$),NY.GDP.MKTP.KD,..,..,..,..,..,..,..,744923664.122138,752116030.534351,755198473.282443,752116030.534351,721291603.053435,734648854.961832,715126717.557252,685329770.992367,687384732.824428,687384732.824428,657587786.259542,641148091.603054,652450381.679389,673000000,661697709.923664,615461068.70229,631900763.358779
Andorra,AND,GDP (constant 2015 US$),NY.GDP.MKTP.KD,1765210866.50133,1847288558.72479,2014794627.07375,2079163152.69985,2164389691.24157,2240757202.45755,2422692295.39982,2532836662.47081,2753046641.70271,2977025605.91611,3137719374.5448,3288602531.52017,3339680716.04543,3154021640.92742,2986768713.36079,2927781285.72513,2927545020.99495,2781915941.59078,2683224788.58295,2750425228.26783,2789870187.50693,2893365390.02848,2903378514.30766,2949506390.20052
Angola,AGO,GDP (constant 2015 US$),NY.GDP.MKTP.KD,29932764107.0538,33986968355.6358,36459274698.2462,38169632669.2898,39002299281.5232,40193672967.3138,41884218272.0008,47607984243.6713,49031391565.5298,54401732106.9773,62577722356.6046,69803999474.4559,79583552534.9145,88469962099.1788,89229664824.2972,93159279071.8947,96393747204.0151,104627881965.967,109811717090.514,115107527232.243,116193649124.151,113195795293.516,113029156434.079,110764470655.247
Antigua and Barbuda,ATG,GDP (constant 2015 US$),NY.GDP.MKTP.KD,824511645.778324,878966185.317249,927059773.66768,970920131.234148,1006918139.9154,1069381614.5052,1020746101.54234,1031233675.39432,1093897040.21001,1156982395.5026,1231883484.14811,1388433067.06436,1517770927.22872,1517553268.98274,1336012965.82455,1231261603.44532,1207145958.1923,1247861376.20468,1240363271.73109,1287444082.93699,1336692592.59259,1410163355.6217,1454503449.73032,1554626242.87881
Argentina,ARG,GDP (constant 2015 US$),NY.GDP.MKTP.KD,348389357874.283,367643757074.802,397463514160.866,412766570325.764,398792535409.293,395646066535.875,378202665751.853,336999433710.193,366780211148.674,399898899166.738,435296589745.339,470325565798.353,512690850741.56,533491913656.279,501917060966.235,552738161802.463,585924294024.785,579910247223.428,593858966307.156,578937574935.696,594749285413.212,582376550428.09,598790850843.677,583118120294.002
Armenia,ARM,GDP (constant 2015 US$),NY.GDP.MKTP.KD,3083849087.13088,3264729194.59891,3373153453.15604,3619393654.82187,3738833645.45205,3959424830.6504,4339529614.36417,4912347523.37066,5600076176.7187,6188084175.20809,7048227875.50714,7978593955.03646,9071661326.99986,9697605958.60182,8330243518.3711,8513508875.79318,8913643792.84258,9555426146.01325,9870755208.83169,10226102396.4079,10553337672.9872,10574444348.3148,11367527674.612,11958639113.6524
Aruba,ABW,GDP (constant 2015 US$),NY.GDP.MKTP.KD,2358899781.95274,2386871336.54821,2555071151.65191,2605967807.51348,2638230786.23333,2839173960.82712,2754814813.59982,2664631917.33441,2717272980.20866,2932251756.57732,2967859536.68768,2999040092.39951,3053029591.03822,3050260247.54255,2729380539.81212,2628802064.83063,2719392023.2644,2682140077.74023,2794742549.43829,2803126777.08661,2962905027.93296,3025126021.24334,3085628514.57589,..
Australia,AUS,GDP (constant 2015 US$),NY.GDP.MKTP.KD,708840961389.366,736162668909.91,764934047459.534,800228192955.163,839732857524.87,872586798723.367,890372741826.771,926116992865.178,954922242233.238,995080989941.195,1026528915832.15,1054521265557.74,1094260767801.94,1133402638271.95,1154561362206.77,1179642326916.53,1208776499565.85,1256128656424.85,1288790662985.54,1321821485124.76,1350534154255.76,1387560980285.63,1419418366737.24,1460169477425.41
Austria,AUT,GDP (constant 2015 US$),NY.GDP.MKTP.KD,268468179542.483,274775930301.869,280528637501.228,290575562542.055,300909392067.843,311067257058.536,315009002387.092,320211545920.249,323226244509.893,332066870887.62,339518668391.822,351245785239.585,364338174382.496,369659055340.931,355742951210.873,362278282473.232,372866942272.743,375404098888.85,375499844623.848,377982923143.829,381817565893.574,389413586441.667,398208774353.475,408170345615.019
Azerbaijan,AZE,GDP (constant 2015 US$),NY.GDP.MKTP.KD,8472233177.12798,8582372163.10554,9080149749.62383,9988164830.40362,10727288986.5847,11918018010.8342,13097901809.4266,14334201803.8263,15797480128.1536,17259347553.7711,22085326590.3978,29704764264.085,37130955330.1062,41125866703.2749,44949076753.5509,47218530722.19,47265749252.9122,48289165892.6824,51094670309.1116,52500032807.7481,53074370486.0433,51429065000.976,51531923130.9779,52304901977.9426
"Bahamas, The",BHS,GDP (constant 2015 US$),NY.GDP.MKTP.KD,8579953919.02168,8942330883.26863,9557182252.88383,9126765315.75566,10240004184.0069,10664885923.8984,10944856200.1322,11240878548.3526,11098734683.3133,11196707674.4034,11576865020.6221,11868237803.1636,12039939621.447,11760190753.1026,11269108054.2599,11442470431.7143,11512656732.676,11868038536.0631,11442702909.9982,11704528809.6901,11890600000,11901437916.1895,12094837707.6409,12429506802.9681
Bahrain,BHR,GDP (constant 2015 US$),NY.GDP.MKTP.KD,12505919514.1411,13019913570.9245,13422619469.9058,14065563316.8115,14670382393.2056,15447922937.5299,15832722681.7137,16362889422.8255,17393169261.3715,18607379553.6075,19866912679.454,21151705946.6711,22906020071.8799,24336503493.4839,24954622922.9927,26036230937.9271,26552663487.0358,27542575573.0076,29034512771.3789,30297627559.0615,31050638297.8723,32155459790.271,33535234420.6161,34251782226.1479
Bangladesh,BGD,GDP (constant 2015 US$),NY.GDP.MKTP.KD,65927698356.0697,68909554894.7531,72003522586.3165,75731164300.4426,79267928092.7913,83463813143.96,87701511126.0793,91063218744.844,95379221373.1044,100376647066.682,106937209452.104,114071958456.596,122123840982.243,129468112024.815,135999939845.133,143577568429.643,152858966788.201,162827601299.735,172619411144.635,183081976119.336,195078678697.23,208955558005.097,224176245316.101,241804912832.722
Barbados,BRB,GDP (constant 2015 US$),NY.GDP.MKTP.KD,3726295230.71816,3874470510.12504,4058124377.55893,4209430120.61525,4223517207.03774,4411345026.00421,4306996237.6895,4340909593.89178,4435345247.31659,4497954520.30541,4675869204.38199,4951871749.47438,5060916233.26325,5096394821.29025,4837609826.26978,4727000110.65619,4695173730.22021,4673782228.61569,4608042491.97743,4602303308.62012,4715000000,4831870642.91247,4854827376.34171,4826653203.49673
Belarus,BLR,GDP (constant 2015 US$),NY.GDP.MKTP.KD,19230432058.6858,19768885050.6478,22022539015,23872430402.7966,24684092836.7343,26115771070.4161,27349821166.1531,28729692799.2932,30753180384.6838,34274340535.4692,37496129067.9992,41245740029.6776,44792876368.1538,49361749506.6609,49460470690.6153,53317530166.8315,56185324133.9697,57133246703.6914,57706562174.7975,58702799524.0454,56454734396.5842,55028435771.7374,56421856742.7841,58198692497.6768
Belgium,BEL,GDP (constant 2015 US$),NY.GDP.MKTP.KD,317457500204.916,321652545295.04,333854941620.112,340404535481.244,352464194911.908,365564158980.916,369583971520.019,375892343356.801,379794040283.981,393357261546.418,402489982841.63,412762935691.94,427939738210.589,429852323870.317,421166112860.176,433229543117.888,440570677938.919,443827452534.333,445865695460.078,452903833237.191,462149679343.822,468003666521.404,475583361606.516,484235191546.519
Belize,BLZ,GDP (constant 2015 US$),NY.GDP.MKTP.KD,789854886.056981,801142800.500145,829540535.763373,860569617.074972,936117775.203388,1057996353.26549,1107527887.13963,1159940620.64571,1268204975.74654,1328951248.1161,1354744911.42443,1420117861.8322,1427374868.70319,1477187471.96485,1480399775.27698,1524863986.02698,1554114720.15297,1591751697.6261,1612350313.67558,1677452112.54801,1721700991.46912,1721128807.68997,1752344611.6415,1803268967.98605
Benin,BEN,GDP (constant 2015 US$),NY.GDP.MKTP.KD,4863513119.58136,5073825240.77247,5364793307.03368,5577293421.1214,5875201725.54095,6219354251.61579,6551040853.89379,6855207703.09519,7091272043.49982,7405393025.88227,7532259594.99787,7829312241.28345,8298002221.53926,8704320296.77356,8906198913.18118,9094481722.87524,9364019690.4087,9814543589.03926,10520349986.3078,11189200078.4152,11388160958.249,11768488343.5155,12435944687.8335,13268812169.9892
Bermuda,BMU,GDP (constant 2015 US$),NY.GDP.MKTP.KD,5348359015.58225,5487441777.63634,5739864145.64664,5963718852.73555,6165450410.7722,6739895068.97791,7226679645.63174,7119884453.30351,7362722827.73814,7533631299.4758,7659759815.30576,8084406664.52899,8354841362.08309,8198943712.90485,7737613934.72433,7543950875.42882,7261600082.73073,6876350478.40565,6857116738.50431,6603330213.03728,6654541000,6610806937.02849,6849550930.14215,6819905984.64909
Bhutan,BTN,GDP (constant 2015 US$),NY.GDP.MKTP.KD,498209325.939533,525935536.143273,554198462.570411,586973930.531814,633837764.920928,655103454.748497,709797744.000886,787820712.542049,849454308.950717,900495828.789288,966117205.239206,1033742879.29677,1223546900.67404,1282270552.23584,1368802448.65943,1532318165.5995,1654637256.60221,1739328224.14102,1776201506.49054,1878803709.7835,2003598212.99135,2166431311.73573,2267210114.71153,2336476327.38733
Bolivia,BOL,GDP (constant 2015 US$),NY.GDP.MKTP.KD,14637304665.729,15275687736.6638,16032477194.0665,16838806960.5457,16910690072.3023,17334777635.2614,17626660783.8611,18064782868.0249,18554580679.5744,19328917940.8103,20183533438.7246,21151739388.7862,22117185733.2695,23477060277.6956,24265185486.7802,25266542224.0712,26581436404.4894,27943010880.0261,29842021040.5739,31471565392.2411,33000198248.3362,34407300577.8681,35850757819.7381,37364958855.9519
Bosnia and Herzegovina,BIH,GDP (constant 2015 US$),NY.GDP.MKTP.KD,2944222749.61984,5563334594.91882,7476541665.18156,8642881917.13416,9472598556.66979,10681820232.2898,10940674188.968,11490710479.7252,11935072202.5232,12689997286.7491,13184549067.93,13898361025.2609,14712405590.0014,15513324091.4317,15047233105.8059,15177492377.319,15323122123.7286,15197191117.127,15554303325.219,15733776823.9907,16219819017.3607,16730711998.4693,17261315633.603,17906901109.7165
Botswana,BWA,GDP (constant 2015 US$),NY.GDP.MKTP.KD,5830149651.84276,6170035720.81806,6683746163.32744,6713399504.17263,7362399996.18047,7508742115.68797,7527557061.14949,7984444460.55594,8353796461.02019,8579835301.49678,8970787994.16837,9721093135.87012,10525685052.8693,11183060119.8633,10327297669.3553,11211689312.5714,11889812807.3725,12419640043.3525,13828449115.8826,14402227735.528,13578754072.4652,14534277003.7244,15116149478.6044,15717831995.6606
Brazil,BRA,GDP (constant 2015 US$),NY.GDP.MKTP.KD,1066858717622.64,1090424176305.99,1127442397678.23,1131254256770.5,1136547820412.59,1186418964175.19,1202908958700.07,1239639324926.44,1253781489825.37,1325998860262.8,1368459094911.19,1422677289738.78,1509031960385.82,1585904997822.47,1583909738979.16,1703150040884.74,1770840429187.27,1804861390247.16,1859094274468.6,1868463286781.87,1802211999538.68,1743173031958.05,1766232928553.89,1797736638228.88
British Virgin Islands,VGB,GDP (constant 2015 US$),NY.GDP.MKTP.KD,..,..,..,..,..,..,..,..,..,..,..,..,..,..,..,..,..,..,..,..,..,..,..,..
Brunei Darussalam,BRN,GDP (constant 2015 US$),NY.GDP.MKTP.KD,10622767156.9577,10928524149.2814,10767746808.7381,10707607989.7475,11034421011.7014,11348838215.8935,11660254934.8204,12111751312.501,12463471178.0442,12526326738.1135,12574867157.1504,13127874564.5426,13148167870.8878,12893130934.0876,12665627056.3659,12994802365.1317,13481499082.9269,13604563824.4265,13315326917.8511,12981331573.3766,12930394937.8137,12609990390.5992,12777527044.6874,12784201742.5315
Bulgaria,BGR,GDP (constant 2015 US$),NY.GDP.MKTP.KD,33806871457.7194,35566651552.9359,30546283155.747,31703719111.3126,29041845953.2986,30374060870.5509,31535474948.9912,33387216050.7821,35135756064.3845,37423243595.5566,40063957719.338,42789344253.0039,45609752890.501,48399253570.6189,46815700521.4237,47537505667.6491,48536366470.1882,48902782248.9232,48628685105.4183,49098860802.5391,50781996712.7635,52325680684.652,53771005440.9431,55214529018.3632
Burkina Faso,BFA,GDP (constant 2015 US$),NY.GDP.MKTP.KD,3685636766.66074,4091600216.47068,4350059840.1554,4667950017.22733,5013156021.43868,5107828163.92166,5445629565.17945,5682675850.46101,6126066286.40807,6400419232.9076,6954815432.94898,7389711495.72987,7693530543.6276,8139754679.75346,8380850213.3838,9088720420.95919,9690626621.56382,10315931008.977,10913490065.2338,11385699931.5135,11832159275.603,12537116569.2425,13314855268.0876,14194244080.5891
Burundi,BDI,GDP (constant 2015 US$),NY.GDP.MKTP.KD,2101159041.77306,1933066318.47448,1902330564.07146,1992691265.77157,1972565084.05706,1955662882.82275,1995867539.38323,2084614176.96466,2059104170.41813,2158634219.10471,2178061927.09612,2295977999.32591,2375234069.03261,2490711132.43028,2585675644.82962,2718169887.36642,2827782874.09675,2953526127.66363,3098963521.28296,3230379768.78531,3104394858.11518,3085767868.07056,3101197015.95003,3151124212.65852
Cabo Verde,CPV,GDP (constant 2015 US$),NY.GDP.MKTP.KD,477669028.558993,531867863.00499,591003197.960929,664980756.555003,739609209.669683,845261415.141295,864124729.48862,909498979.26503,947482014.985927,1044097444.01262,1116270241.185,1205390471.55585,1388256498.7981,1480582782.15695,1461773074.02108,1483214216.71245,1542081303.22249,1558765362.71557,1571279093.64604,1580882950.48788,1596800287.16405,1671942379.49743,1733838341.58328,1812401360.18566
Cambodia,KHM,GDP (constant 2015 US$),NY.GDP.MKTP.KD,4137653518.6761,4381671867.05305,4557228855.43316,4770581544.76681,5376702112.3546,5914027156.60689,6395924923.29651,6816708954.64449,7396531098.75642,8161371525.51176,9242760345.98743,10238305796.2877,11283900343.1347,12038971276.7648,12049408698.7892,12767924407.3675,13670561753.9849,14670337167.5693,15749584749.199,16874510037.9823,18049954289.4229,19301414292.2825,20651915662.9328,22194442188.284
Cameroon,CMR,GDP (constant 2015 US$),NY.GDP.MKTP.KD,13868353841.0683,14452914961.4216,15107243770.0945,15821141839.0264,16534881678.6853,17168567426.5747,17910981125.0542,18712860555.3526,19733301601.382,21124274961.7047,21594980886.9112,22417659666.4955,23387803843.1696,24053813161.9883,24674221564.9986,25389533348.6282,26247499325.4413,27461703058.6152,28833560442.596,30482787664.3604,32210232911.6626,33671222799.3745,34863580244.995,36242614126.2874
Canada,CAN,GDP (constant 2015 US$),NY.GDP.MKTP.KD,..,..,933745184781.216,959857765527.965,997968751447.134,1047046486898.19,1061763014138.36,1098098096475.24,1139947604898.36,1184565482255.99,1243744725655.28,1295556862674.08,1384543596091.58,1398494571594.3,1357541054226.41,1399482212058.69,1443522257095.4,1468960331816.39,1503174217512.03,1546315859831.59,1556508816217.14,1572095608554.66,1619885432081.64,1659241318825.89
Cayman Islands,CYM,GDP (constant 2015 US$),NY.GDP.MKTP.KD,..,..,..,..,..,..,..,..,..,..,..,4633652466.09865,4780197527.90112,4763113044.52178,4420145925.83703,4300110884.43538,4350381855.27421,4403880835.23341,4460221048.84195,4578618864.75459,4708336733.46934,4860885755.43022,5015658466.33865,5226032281.29125
Central African Republic,CAF,GDP (constant 2015 US$),NY.GDP.MKTP.KD,1567392304.99919,1504695155.69416,1584443036.21582,1658914114.82883,1718634606.64694,1675850359.21904,1750672704.2313,1813986521.21501,1716076866.86578,1818953688.29765,1835473616.95542,1923045631.27357,2011650629.00283,2052972567.42054,2229266668.2677,2332499960.04546,2430339361.11484,2553162910.07711,1624016448.55729,1625333047.06112,1695825708.45604,1776382802.68262,1856804594.29617,1927167157.0247
Chad,TCD,GDP (constant 2015 US$),NY.GDP.MKTP.KD,2755538891.12468,2816559556.8286,2975790718.72462,3182655188.59647,3160922420.7253,3133116385.96115,3498379313.11225,3795434040.85243,4354185202.01074,5818470334.73997,6826958668.37461,6871215248.13962,7096007026.04689,7312626231.63889,7621050542.93753,8653710578.06277,8660881890.57623,9430191312.98703,9967712346.34747,10655483007.6061,10950392219.9104,10265387468.6306,9958586245.45557,10195006847.3059
Channel Islands,CHI,GDP (constant 2015 US$),NY.GDP.MKTP.KD,..,..,..,..,..,..,..,..,..,..,..,..,..,..,..,..,..,..,..,..,..,..,..,..
Chile,CHL,GDP (constant 2015 US$),NY.GDP.MKTP.KD,106131657641.837,113351705792.927,121771345594.589,127037444239.219,126513927800.812,133253246826.376,137654664614.505,141931554480.374,147738042053.808,158389274861.642,167485302430.417,178065644333.8,186800342017.73,193393517162.85,190368379487.202,201493845099.556,213806970419.296,225178567814.854,234287050561.526,238426293091.624,243919079437.373,248092752678.624,251031522247.961,260354479474.303
China,CHN,GDP (constant 2015 US$),NY.GDP.MKTP.KD,1831411871441.19,2013134753753.51,2199083579879.57,2371622617326.37,2553328077173.83,2770108015881.17,3001016837141.71,3275118634989.96,3603876041862.7,3968358419670.81,4420536663139.3,4982871172219.99,5691976639213.17,6241291028839.82,6827892848558.81,7554098728366.12,8275578020537.94,8926347665676.43,9619581223621.04,10333908590028.1,11061553079871.5,11819132546495.4,12640231416523.5,13493418449040.5
Colombia,COL,GDP (constant 2015 US$),NY.GDP.MKTP.KD,150006355333.888,153090268058.58,158341713845.85,159243919738.965,152549281078.474,157011136243.555,159645623441.485,163643118666.497,170055101007.378,179124177070.93,187773655668.268,200386165569.774,213888575539.514,220911491815.71,223429106639.898,233471483024.664,249692829473.374,259462400427.386,272783183252.052,285055780504.544,293481748240.779,299607834899.029,303680586563.771,311467941587.106
Comoros,COM,GDP (constant 2015 US$),NY.GDP.MKTP.KD,549134137.9826,542041033.132294,563886119.709676,571118048.25166,582108693.728722,645255138.238016,660308341.182886,675660146.030611,689875168.195533,703118424.518704,723069746.396392,742209080.643505,748147067.606445,778072740.765508,802971948.559824,833484348.26485,867655930.937334,895423288.588032,935716210.269071,955366310.928964,966029542.038859,998108292.076412,1036193131.26528,1073936725.31831
"Congo, Dem. Rep.",COD,GDP (constant 2015 US$),NY.GDP.MKTP.KD,20181815560.0245,19975320744.5555,18853297670.0939,18547091073.4088,17755104164.4956,16528061820.7148,16180943924.8192,16657920156.2125,17587069343.3083,18772151839.5591,19923851730.0541,20983995809.2688,22297484361.0272,23685702161.9229,24361944119.8909,26093585401.3456,27887433521.0935,29863787753.5669,32396821280.7177,35464893590.3175,37917704900.0794,38827501899.7175,40274582570.6167,42619014794.5289
"Congo, Rep.",COG,GDP (constant 2015 US$),NY.GDP.MKTP.KD,5721533742.96589,5967015093.08286,5929732457.65405,6151359337.36735,5992518976.04113,6446511038.84849,6691646190.03973,6998248723.41516,7055162966.25308,7300444992.86368,7866649910.83651,8494899323.92561,7933047123.90598,8433334900.42908,9414746443.32232,10349749902.4652,10578057039.5658,11630272572.6194,11547414504.1216,12323017307.5849,11885478502.1168,10603839035.8641,10139122508.5674,9651902027.20243
Costa Rica,CRI,GDP (constant 2015 US$),NY.GDP.MKTP.KD,24537079084.4973,24868442409.7289,26230279541.4689,28107136983.1943,29291799732.2661,30425016886.9205,31487205910.1342,32563084814.8653,33968891756.2986,35471879204.014,36882477494.4683,39584744288.3189,42836683276.9223,44866360242.4874,44474472352.6084,46858456852.1451,48921709324.6601,51310356970.7675,52590430366.2717,54453241194.9079,56441917653.0156,58814918320.6537,61260265569.6888,62862775554.8961
Cote d'Ivoire,CIV,GDP (constant 2015 US$),NY.GDP.MKTP.KD,24468419356.0303,26359663602.9928,28903065381.4848,30135464902.9329,30487103583.7698,30406072074.5865,29751121484.1866,28938759235.7763,27571152082.8221,28449303816.6582,28732677534.7058,29541668653.3179,29867049384.831,31295490595.2719,32423167757.1278,34643522302.3377,32783010214.6729,35281210581.2262,39077544035.2314,42739891439.6219,45814637971.4745,49103766045.2254,52717625513.8388,56350019798.3227
Croatia,HRV,GDP (constant 2015 US$),NY.GDP.MKTP.KD,33557915391.5818,35563229390.1146,37743975503.1604,38576544470.7721,38238440780.2445,39345635026.6593,40538790726.3889,42858450411.7988,45226785549.9551,47103397210.0716,49134684669.976,51561130579.3219,54094231717.7044,55119557345.0005,51105916787.3254,50466734849.7721,50423715213.7829,49276219375.4125,49097288862.4178,48927438241.1142,50163192883.1515,51935173677.1936,53708288421.7449,55265833941.4365
Cuba,CUB,GDP (constant 2015 US$),NY.GDP.MKTP.KD,36587960794.011,39455999445.9835,40554227615.0331,40618768067.334,43132564230.3266,45683751961.4679,47138793122.9358,47810436669.7248,49623762332.1101,52487320429.3578,58366769728.9211,65409224267.8899,70159331722.9358,73047670765.1376,74107815577.9817,75879253449.5413,78005618403.6697,80357410018.3486,82565312275.2294,83430247192.6606,87133000000,87580655779.8165,89165037486.2385,91169895871.5596
Curacao,CUW,GDP (constant 2015 US$),NY.GDP.MKTP.KD,..,..,..,..,..,2984660454.8893,2963894591.55538,2975663182.71338,2984238592.26477,2990459591.61977,3010687845.49163,3059940719.72523,3135520102.0679,3204126681.03823,3187102853.2008,3189726028.81204,3209266564.04194,3204808344.98828,3179358744.98521,3143150979.68158,3151910782.1229,3120814985.33432,3066520125.38826,3000095279.94639
Cyprus,CYP,GDP (constant 2015 US$),NY.GDP.MKTP.KD,12660962666.3714,12819045113.6245,13157582588.8681,13961622296.4082,14659418653.1188,15533898466.1356,16147885207.3658,16749063949.1171,17188439819.4243,18052389920.2208,18928473095.9642,19820728886.7281,20831203213.1801,21590878029.7395,21155765191.8137,21581989484.9149,21668627779.1587,20921748731.1558,19550730164.4905,19193086876.6725,19842404304.8929,21123143098.1676,22359383572.2179,23632267889.5555
Czech Republic,CZE,GDP (constant 2015 US$),NY.GDP.MKTP.KD,115863001168.759,120805040906.55,120178870877.585,119750353168.352,121407876416.485,126265440317.089,130107668072.565,132150170232.227,136886020631.13,143476070938.564,152947812388.841,163297687890.645,172393922455.409,177025133390.924,168780486813.354,172890126530.82,175933614512.933,174552528075.614,174472402052.95,178419147314.396,188033050459.881,192803983942.274,202769490319.63,209255388993.343
Denmark,DNK,GDP (constant 2015 US$),NY.GDP.MKTP.KD,226658693444.805,233232021689.227,240837461729.208,246179618941.138,253437048662.499,262932986641.725,265097327404.035,266333597050.533,267372454034.624,274506537368.942,280920770514.868,291913222677.846,294567411335.295,293059176864.39,278680088475.415,283894168259.757,287689202382.588,288340817827.024,291032020819.874,295744975353.148,302673070846.857,312497708532.463,321315569939.823,327708263102.566
Djibouti,DJI,GDP (constant 2015 US$),NY.GDP.MKTP.KD,..,..,..,..,..,..,..,..,..,..,..,..,..,..,..,..,..,..,2107763479.41483,2256604108.95994,2430274292.2896,2591951944.03089,2731997695.45149,2961694845.73082
Dominica,DMA,GDP (constant 2015 US$),NY.GDP.MKTP.KD,381458920.260123,393300176.695378,401896254.30773,417064730.603546,418541469.281384,428336257.610623,428062787.485097,415957176.595167,442383506.391784,455879257.086468,458869197.125547,480250003.106217,510760153.444015,547131680.138909,540732479.201612,544369631.871101,543152689.812512,537400701.505626,532027013.539049,555691295.067858,540737037.037037,554560951.882352,516853979.407808,528298704.161051
Dominican Republic,DOM,GDP (constant 2015 US$),NY.GDP.MKTP.KD,26116601780.7669,27677806561.0305,30137054145.5185,32160599929.1039,34070955367.4169,35659262313.1757,36536307706.3798,38178652517.3909,37664880029.0901,38632918021.9757,42275321072.5494,46153809276.7054,49576553487.2134,51167715084.1298,51651841064.6387,55959424375.3002,57712869851.172,59281140848.7752,62171218046.8145,66554577200.624,71164825256.6849,75903833487.1251,79446041234.7367,84993382978.8095
Ecuador,ECU,GDP (constant 2015 US$),NY.GDP.MKTP.KD,50573908255.3626,51449720654.55,53676394986.1005,55429750211.1927,52802720505.7765,53379221434.2819,55522733410.3626,57797375793.0758,59371127439.9001,64246103132.8511,67645562499.1411,70624352725.1051,72171071229.7691,76759080483.1984,77193914220.309,79915230250.8205,86203073182.7862,91066617872.099,95571238385.5329,99192306978.8112,99290381000,98072699669.1292,100395440274.107,101689830586.566
"Egypt, Arab Rep.",EGY,GDP (constant 2015 US$),NY.GDP.MKTP.KD,136218680408.506,143014263359.897,150869114032.583,159280817655.143,168922784444.325,179683172290.32,186035425177.246,190482051403.053,196565009500.488,204608590453.472,213758163779.365,228387426641.28,244575133307.483,262077623372.816,274326082655.675,288446290408.724,293536132737.952,300070833527.974,306628779734.82,315569804747.037,329366576819.407,343682967568.343,358053111984.862,377080487734.144
El Salvador,SLV,GDP (constant 2015 US$),NY.GDP.MKTP.KD,15980756332.829,16110434081.6944,16615974680.7867,17056676405.4463,17425447503.7821,17621990341.9062,17776995776.0968,18056613422.0877,18339270390.3177,18502380683.8124,19003868853.2526,19829551394.8563,20198322493.1921,20627880036.3086,20197309385.7791,20622814499.2436,21409998959.1528,22012797869.8941,22504154965.2042,22889135782.1483,23438240000,24034960266.2632,24574946517.3979,25172679891.0741
Equatorial Guinea,GNQ,GDP (constant 2015 US$),NY.GDP.MKTP.KD,352638311.563995,587424889.605563,1468403404.81293,1817508712.82273,2283954429.52383,2699948863.63471,4411173089.94672,5269712387.48044,6005113942.10675,8286980786.33799,9674942387.46496,10420388726.904,12012844403.0027,14151023688.3164,14341122354.8584,13061295371.5232,13913404306.6369,15070007775.8487,14447134440.3091,14507099626.9173,13185496881.4055,12023008462.2024,11341604102.079,10634279180.0445
Eritrea,ERI,GDP (constant 2015 US$),NY.GDP.MKTP.KD,1633788954.83409,1785058836.62898,1926233509.54862,1960377599.03212,1960641859.81268,1899038768.97853,2065307884.05127,2127379250.09781,2070886355.32897,2100950149.07979,2155038050.76473,2134151053.23437,2164601594.48255,1952837970.72801,2028539764.49371,2073049788.22944,2252986365.84984,..,..,..,..,..,..,..
Estonia,EST,GDP (constant 2015 US$),NY.GDP.MKTP.KD,10249896461.0489,10756550328.4585,12160281732.2878,12688016741.0253,12634089477.9817,13908570239.4308,14743595489.587,15741938586.3621,16938367664.1991,18090855516.2673,19814267655.566,21749246482.6207,23397652435.6814,22196884688.6064,18949690212.0268,19412870879.848,20822844111.5074,21495047267.8946,21808537192.6056,22465272194.6314,22881558191.8523,23603600591.137,24970731682.2051,26002976732.269
Eswatini,SWZ,GDP (constant 2015 US$),NY.GDP.MKTP.KD,2159273055.13846,2242233484.10169,2311805624.61477,2372005953.96189,2442000889.67231,2484984348.55671,2511195091.38659,2621187924.67983,2722895614.6471,2821571016.1845,2990830756.64157,3170046325.41682,3310649785.90981,3337852200.51293,3390091218.07304,3518702972.08796,3597776312.48031,3791935013.35704,3938349731.29132,3974709779.06398,4063245671.29285,4106422133.98005,4189641987.93016,4289003978.11407
Ethiopia,ETH,GDP (constant 2015 US$),NY.GDP.MKTP.KD,13896781078.9582,15623619245.3033,16113248919.1867,15556030352.599,16359055323.3678,17352576330.7606,18793066846.4797,19077730261.0075,18665391883.2633,21198771447.52,23704204628.4676,26272490503.099,29282310890.1994,32441439350.5667,35297114307.5407,39727092173.7156,44167904219.3321,47987461378.629,53065624131.0235,58508826790.9767,64589334978.8013,70682358692.8433,77442553522.3413,82721152428.0532
Faroe Islands,FRO,GDP (constant 2015 US$),NY.GDP.MKTP.KD,..,..,..,..,..,..,..,..,..,..,..,..,..,..,..,..,..,..,..,..,2518096285.61661,..,..,..
Fiji,FJI,GDP (constant 2015 US$),NY.GDP.MKTP.KD,2999548476.64847,3143526816.43195,3074369246.31576,3114336060.39982,3388397593.82884,3330794888.4041,3397410791.06019,3506127906.26398,3541189162.35297,3728872177.49734,3754974297.74601,3824534591.00931,3792001022.67169,3831164590.06603,3778063204.20613,3889692595.79116,3994914343.89614,4051295144.57133,4243092348.88544,4480854660.34361,4682546863.08162,4797065664.45005,5053870095.73893,5246541361.38024
Finland,FIN,GDP (constant 2015 US$),NY.GDP.MKTP.KD,152727367949.997,158328155182.021,168356336994.289,177543846188.365,185319513373.259,196018680586.592,201134805636.359,204568476382.962,208667587196.736,216997787770.94,223030001979.846,232012333819.877,244307448127.642,246222806454.316,226341675380.801,233552827575.378,239502970842.667,236155807304.796,234026399089.848,233172417670.312,234440080998.273,241031264863.603,248725970173.658,251566290193.7
France,FRA,GDP (constant 2015 US$),NY.GDP.MKTP.KD,1770421665963.64,1795437612080.28,1837384358698.48,1903321825666.9,1968441579917.58,2045676716441.08,2086257243621.11,2109947351420.97,2127315610004.57,2187513385781.34,2223896545485.41,2278366968438.45,2333611358079.22,2339560805961.64,2272337881797.86,2316635691390.19,2367432576851.88,2374845830958.32,2388532700966.84,2411371445853.84,2438207896251.84,2464917595843.98,2521399210474.97,2568424971659.46
French Polynesia,PYF,GDP (constant 2015 US$),NY.GDP.MKTP.KD,..,..,..,..,..,..,..,..,..,..,..,..,..,..,..,..,..,..,..,..,..,..,..,..
Gabon,GAB,GDP (constant 2015 US$),NY.GDP.MKTP.KD,9564091381.05935,9910794381.96711,10479512175.3514,10843972169.5593,9875321038.86609,9689372062.04823,9896262772.69652,9871617795.94629,10093465625.2956,10163064416.8734,10435048685.5438,10142180867.7295,10751534050.3411,10395827002.6048,10409376000.3515,11147389028.9243,11937934362.9942,12564804478.7562,13273295983.6773,13846033985.5316,14383107714.0388,14683922099.6348,14753324487.264,14876945039.3652
"Gambia, The",GMB,GDP (constant 2015 US$),NY.GDP.MKTP.KD,770748728.83124,787886678.574085,826493118.811998,855420367.242976,910167262.620829,960226464.033935,1015919601.2835,982902212.720932,1050427591.01692,1124482736.1904,1098037945.51549,1091937455.56725,1125167836.81472,1195557273.78416,1275249825.5969,1350595867.70556,1240786424.0015,1305823103.61432,1343336382.19183,1324430501.09843,1378176868.31568,1404959801.54615,1472715550.98331,1579264906.00789
Georgia,GEO,GDP (constant 2015 US$),NY.GDP.MKTP.KD,4811534790.46402,5350426783.58965,5913240382.49681,6096840743.84171,6271774776.36276,6387071387.65258,6693999118.67096,7060417705.9005,7841209756.31252,8295568369.1006,9091078041.68686,9947436742.60785,11198720178.0285,11469569250.4296,11050871061.5608,11741493896.7964,12610364429.5598,13413519587.538,13899264090.2481,14515269025.6907,14953950557.4406,15388577975.5872,16133785748.9094,16915132067.1573
Germany,DEU,GDP (constant 2015 US$),NY.GDP.MKTP.KD,2582287748531.6,2603096414333.41,2649748088402.54,2703112233879.92,2754127021018.8,2834341052129.13,2881999603563.9,2876293998430.63,2856156584205.91,2889718941247.11,2910863221746.79,3021954625771.29,3111901749296.1,3141772244844.63,2962884875160.65,3086729981515.2,3207890081561.39,3221315024377.87,3235411218771.44,3306899034832.93,3356235704119.75,3431079755885.36,3523040623050.77,3561301707859.6
Ghana,GHA,GDP (constant 2015 US$),NY.GDP.MKTP.KD,16238921862.2626,16986311933.069,17699118297.6872,18531046023.0503,19346411459.7878,20062228699.5951,20864717873.2744,21803630085.5591,22937418879.029,24221914334.1385,25651008204.7789,27292650312.4889,28479012450.3694,31084784829.1968,32590683205.3119,35165253297.9777,40104959886.0754,43831829349.7696,47037042836.2845,48380533745.4072,49406568432.6711,51073282096.8342,55224975510.7673,58648966891.8988
Gibraltar,GIB,GDP (constant 2015 US$),NY.GDP.MKTP.KD,..,..,..,..,..,..,..,..,..,..,..,..,..,..,..,..,..,..,..,..,..,..,..,..
Greece,GRC,GDP (constant 2015 US$),NY.GDP.MKTP.KD,168365803988.312,173184650342.471,180950594338.917,187998448650.077,193774882115.031,201370413564.675,209690257673.3,217916138317.24,230543356017.462,242211138901.636,243662327272.922,257435178792.52,265862955061.906,264971855395.423,253576122155.777,239683631166.503,215357384843.754,200095659972.799,195061258726.748,195989157228.945,195604846736.019,194651912160.361,196777801306.42,200060898492.757
Greenland,GRL,GDP (constant 2015 US$),NY.GDP.MKTP.KD,1474043154.51535,1496590669.3289,1518574484.4858,1636385215.77379,1658932713.12615,1776743426.95294,1799290924.3053,1781816619.09558,1860751909.98913,1989266282.03924,2088480774.15728,2204510394.03133,2256370133.83959,2395500910.53732,2416244806.46062,2458186589.29546,2445981216.18907,2480082923.88117,2447884486.10122,2563966489.55083,2499115623.00272,2616123069.62063,2617502503.77714,2665817621.63892
Grenada,GRD,GDP (constant 2015 US$),NY.GDP.MKTP.KD,522071256.691689,545242004.448612,572588587.789739,639887804.586994,684029584.516367,717464623.207065,702943856.405821,727106310.981525,795919459.066231,790766276.012726,895749896.071263,859961747.475465,912621083.248655,921268557.016331,860342475.370223,855943864.73553,862491636.927484,852528618.821349,872575136.813532,936657722.571781,997007925.925926,1034292546.66362,1080201438.28364,1126643677.17002
Guam,GUM,GDP (constant 2015 US$),NY.GDP.MKTP.KD,..,..,..,..,..,..,..,4800664422.202,4842877343.03913,5157363603.27571,5345211101.00091,5149976342.12921,5186912647.86169,5292444949.95451,5315662056.41492,5435968880.80073,5440190172.88444,5556275705.18653,5650199454.04914,5751510464.05824,5799000000,5809553230.20928,5861264058.23476,5819051137.39763
Guatemala,GTM,GDP (constant 2015 US$),NY.GDP.MKTP.KD,30509494153.7098,31411897835.5379,32782741311.0725,34419756613.0456,35743906055.2192,37033856699.2542,37897699132.5642,39352700601.0882,40360278359.0408,41626750328.7627,42990453877.9055,45291044075.3986,48161463040.7346,49747672384.8696,49984918092.5488,51426570817.8819,53567925339.8243,55161415004.8632,57199529556.8023,59741463827.8038,62186186575.7433,63851409868.9298,65817938467.9666,68004474883.7077
Guinea,GIN,GDP (constant 2015 US$),NY.GDP.MKTP.KD,4271765443.66504,4462353466.39995,4693574927.95092,4864614488.93158,5050053789.51691,5176459694.25989,5365832524.79229,5642956819.27581,5713414849.23364,5847115459.25931,6022369446.56088,6094012382.58651,6509470045.27084,6778507045.8343,6702408713.68756,7025019965.89314,7419271685.68379,7858143038.9512,8168200516.19869,8470141466.12108,8794202443.67366,9745789798.55744,10749606195.9331,11433119038.1247
Guinea-Bissau,GNB,GDP (constant 2015 US$),NY.GDP.MKTP.KD,762199591.487719,850614744.071947,905904702.436624,651345664.684636,658025458.135226,693736416.618997,708921660.318477,701937523.451224,705928109.701827,725421622.574493,756368826.663681,773836090.653954,799086017.595086,824685276.009035,852468716.437881,891775800.885315,963873910.107892,947365805.394198,978211129.058856,987646569.671489,1048229629.42039,1113878213.74887,1179810632.61765,1194956294.73557
Guyana,GUY,GDP (constant 2015 US$),NY.GDP.MKTP.KD,2512279686.62218,2712144537.77669,2879773122.52196,2831418722.66524,2915233015.03788,2875474953.40836,2941022027.77672,2974332836.22153,2955528348.89939,3001733663.71362,2943171112.81921,3094144293.34208,3316651519.10056,3369916998.0601,3500552685.81197,3632810573.79841,3826780067.11538,4032799496.90528,4180138018.80887,4250616305.04776,4279840193.7046,4442813034.63534,4608724292.15863,4813398364.26896
Haiti,HTI,GDP (constant 2015 US$),NY.GDP.MKTP.KD,9836529964.70022,10243838374.3929,10520904897.2374,10750454243.6496,11041818216.4808,11137888577.561,11099713700.2224,11216462723.7933,11606883084.9174,11453920991.5982,11805805302.8843,12014620555.3541,12580092268.9792,12914475185.8995,13675186713.5516,12902331959.0731,13560120394.5154,13628249748.5325,14217642128.7726,14462550341.493,14833154471.7456,15102000661.577,15481101856.7737,15739297369.472
Honduras,HND,GDP (constant 2015 US$),NY.GDP.MKTP.KD,9943190351.80526,10129205199.7624,10594954468.417,10975338023.6348,10894597830.3324,11688954351.873,12007267170.4922,12458060547.9694,13024533301.5836,13836261676.1544,14673438417.5078,15637078855.8054,16604752454.73,17307399177.8851,16886547634.1935,17516608425.7374,18188491339.4357,18939437353.0347,19468143064.4729,20063494563.3379,20833948799.5352,21645008633.8933,22693257767.9539,23565812342.1988
"Hong Kong SAR, China",HKG,GDP (constant 2015 US$),NY.GDP.MKTP.KD,157718958364.051,164435333951.716,172820977694.519,162654571326.075,166731816816.442,179509246412.527,180516078801.496,183506603082.503,189115031526.046,205568163242.266,220755902693.884,236280807955.361,251555900292.342,256908801136.646,250591053268.835,267550225264.88,280431918518.529,285200173148.782,294045789895.418,302168441974.011,309383627028.561,316095687453.665,328078893886.438,337417488799.2
Hungary,HUN,GDP (constant 2015 US$),NY.GDP.MKTP.KD,79305666186.355,79371021989.9224,81865754969.4361,85058519864.3194,87670689948.359,91597630064.5288,95329401340.6961,99849237020.3969,103927602409.315,109124448461.958,113811647409.449,118304669166.674,118632350335.174,119826343157.348,111923227694.593,113135489067.688,115239984606.159,113790554267.763,115846025793.633,120739043970.895,125210324613.14,127954885306.937,133416713057.02,140567177109.717
Iceland,ISL,GDP (constant 2015 US$),NY.GDP.MKTP.KD,9144298184.41564,9561929577.68111,10113798777.0209,10858456575.5095,11296586994.517,11859726687.7669,12335716528.3788,12404737216.2574,12670532078.9946,13659137611.5282,14495683157.7376,15411374460.634,16714384610.1713,17083688339.561,15774426999.3488,15327572988.2618,15610486135.6369,15776524980.7745,16494745020.423,16773046835.507,17517210519.0912,18621440660.0019,19402600566.9271,20351810853.2383
India,IND,GDP (constant 2015 US$),NY.GDP.MKTP.KD,596058659383.044,641058240489.184,667019950767.341,708271238131.198,770923180565.542,800534271756.884,839151774957.445,871072901385.714,939542554364.62,1013981915397.82,1094324068978.9,1182534605661.62,1273126394881.57,1312423962607.78,1415605275566.11,1535897532897.39,1616398760695.38,1704595760877.17,1813453059872.84,1947834059120.86,2103587813812.75,2277266450219.57,2432015436983.77,2590898738237.41
Indonesia,IDN,GDP (constant 2015 US$),NY.GDP.MKTP.KD,380895161146.503,410674257411.067,429975449993.557,373533752988.269,376488875933.227,395012383689.125,409404527351.182,427825583308.405,448277225387.513,470829487520.977,497631791817.584,525006276753.314,558318041704.736,591893633878.692,619291627728.719,657835435591.365,698422462409.202,740537690664.799,781691322850.807,820828015498.845,860854235065.079,904181624278.983,950021696789.269,999178589070.128
"Iran, Islamic Rep.",IRN,GDP (constant 2015 US$),NY.GDP.MKTP.KD,221169287352.013,232663723230.852,233823145949.68,238906935392.641,241139559688.167,255147112804.533,257325299775.138,276076985662.5,300128753810.301,313286230509.642,323279447495.346,339442757993.632,367126940577.809,368047902567.887,371755563616.481,393309721828.087,403715587611.97,373660750454.172,372935574065.941,390103360692.306,384951479697.42,436520513870.61,452912716719.377,425620324116.955
Iraq,IRQ,GDP (constant 2015 US$),NY.GDP.MKTP.KD,40841440066.3228,45342487630.0563,54972296192.1644,74134041773.4817,87168486201.9025,101918846020.012,103714126199.674,95211154855.5603,60308504345.1389,92502266009.2436,94048801795.2419,99359077223.1263,101232564302.769,109562088117.557,113264518769.15,120516353029.395,129611084902.562,147674243247.453,158939678015.069,159252815740.149,166774109673.732,189767878273.081,186314576641.774,191221824965.135
Ireland,IRL,GDP (constant 2015 US$),NY.GDP.MKTP.KD,101002659402.649,108449813244.249,120395417356.467,130938683052.729,144716760494.988,158319293738.46,166717315964.309,176547355233.11,181860696755.585,194201532341.298,205341342876.444,215568372598.651,227005284378.72,216820466847.174,205761601550.866,209372883796.731,211610088866.293,211499300858.576,214179028009.074,232841941278.82,291462799328.949,297415147420.993,324004099585.745,353262191749.526
Isle of Man,IMN,GDP (constant 2015 US$),NY.GDP.MKTP.KD,2202958747.13522,2372586707.41024,2576629029.79374,2924474102.36822,3325126967.1505,3501358747.13522,3690432085.5615,3919238808.25057,4154393124.52254,4370421695.95111,4628276546.98243,4984653781.5126,5358502826.58518,5621069518.71658,5739111993.88846,5934241711.22995,6052926508.78533,6495017570.66463,6764022918.25821,7112728800.61115,7085288006.11154,7577879297.17342,7933191749.42704,8108785332.31474
Israel,ISR,GDP (constant 2015 US$),NY.GDP.MKTP.KD,139622933236.139,148039121735.775,153849528064.834,160307804468.076,166031729085.374,180795726169.547,180980619613.224,180626132327.087,182702168860.684,191682010291.154,199653703529.008,211187334934.18,224073703014.451,231824093477.981,234473784400.326,247802932721.582,261537633291.883,268920830753.398,281767722996.441,293389928304.961,300078278118.434,313470032931.693,327190755542.215,340224152566.357
Italy,ITA,GDP (constant 2015 US$),NY.GDP.MKTP.KD,1662884708948.87,1683949879715.24,1714769736426.27,1745817617266.98,1774199856105.29,1841388008807.42,1877320330647.85,1882087654195.74,1884696733792.44,1911527166394.1,1927160571705.51,1961669073615.54,1990840524373.51,1971688382893.58,1867564757449.76,1899561666732.94,1912997899849.23,1855973235106.36,1821803553097.19,1821720705808.82,1835899237320.04,1859645909743.75,1890662182181.27,1908166139521.5
Jamaica,JAM,GDP (constant 2015 US$),NY.GDP.MKTP.KD,13073365330.7439,13058496834.6734,12909569918.3412,12608189096.3777,12740281799.1137,12852231107.3029,13025084563.0944,13285233397.5307,13772312246.8276,13954619800.8587,14079345904.6078,14487523790.7845,14694978472.5175,14575693938.7168,13942336039.1892,13739175678.6585,13976915113.9479,13891147725.5468,13963060254.3397,14059380565.7478,14188935947.5694,14384065467.3211,14527492301.3972,14802050818.6874
Japan,JPN,GDP (constant 2015 US$),NY.GDP.MKTP.KD,3785636263364.36,3904273220115.03,3942583070731.74,3892499235707.73,3879501014654.61,3986755544464.21,4002148544213.45,4003827945768.8,4065291729511.6,4154163710034.48,4229100705435.47,4287138774363.71,4350758602409.6,4297492743392.06,4052826324007.5,4218907820177.17,4219912322037.65,4277925608850.6,4363702302795.86,4376627829637.51,4444930651964.18,4478437728055.55,4553466417292.21,4578913522439.24
Jordan,JOR,GDP (constant 2015 US$),NY.GDP.MKTP.KD,15695791016.2774,16023365347.6207,16553494530.4061,17052114282.1853,17630100938.7736,18378624310.5935,19347169978.2158,20466173164.9974,21317907139.5809,23144258034.5823,25029726977.2841,27055376510.1918,29267470182.6623,31384186979.027,32960837541.5358,33723826288.3537,34646908078.4163,35488605511.9193,36414839440.0743,37647146046.4738,38587017887.3239,39356512808.3494,40177928314.0421,40955006291.3653
Kazakhstan,KAZ,GDP (constant 2015 US$),NY.GDP.MKTP.KD,58532032231.6585,58824692394.0305,59824712164.432,58688042633.6519,60272619783.494,66179336523.5672,75113546953.2136,82474674554.3344,90144819288.1659,98798721941.0635,108382197968.583,119979093151.221,130657232441.673,134968921112.523,136588548165.103,146559512181.377,157404916083.801,164960352055.812,174857973177.932,182202008052.508,184388432148.715,186416704902.17,194059789803.79,202016241185.495
Kenya,KEN,GDP (constant 2015 US$),NY.GDP.MKTP.KD,32929826392.9266,34295373364.3985,34458242751.1432,35591992582.8782,36412526320.9441,36630890563.2609,38015503975.3104,38223395381.6748,39344287104.167,41352537462.5716,43795093766.7873,46629728713.92,49824205420.8892,49939938453.247,51591422161.7176,55748903297.985,58603863796.4468,61281286574.995,63608656932.133,66801882117.2141,70120413328.7838,73074948912.6476,75863128285.0281,80133540731.9138
Kiribati,KIR,GDP (constant 2015 US$),NY.GDP.MKTP.KD,113736288.422403,115664022.124477,117591755.826552,125302690.634851,123374956.932776,131085891.741074,129158158.039,134049975.081384,136739452.755834,134511474.529661,141171987.243699,141102396.057054,143973755.406294,140962635.363654,142094297.373043,140781489.184831,143025999.172243,149767737.606007,156080224.721896,154991194.085239,171117816.66613,179909369.664442,181510126.841309,188363866.255797
"Korea, Dem. People's Rep.",PRK,GDP (constant 2015 US$),NY.GDP.MKTP.KD,..,..,..,..,..,..,..,..,..,..,..,..,..,..,..,..,..,..,..,..,..,..,..,..
"Korea, Rep.",KOR,GDP (constant 2015 US$),NY.GDP.MKTP.KD,604637550473.74,652347705779.257,692601162968.022,657074545321.938,732420905134.784,798784342587.129,837544550604.138,902246062108.946,930642372967.514,979011499282.814,1021192627905.49,1074951542999.1,1137293878173.46,1171560370682.24,1180847317902.24,1261201910432.46,1307685622912.81,1339103175287.26,1381481889126.85,1425723208306.54,1465773245547.15,1508967849304.8,1556645736778.48,1601903713673.82
Kosovo,XKX,GDP (constant 2015 US$),NY.GDP.MKTP.KD,..,..,..,..,..,..,..,..,..,..,..,..,..,4580630979.75247,4811260428.23649,5048933039.08891,5368019862.61968,5459930839.65726,5751540732.20189,5944148576.19474,6295820481.52668,6646608268.89247,6967353007.83605,7204705015.86419
Kuwait,KWT,GDP (constant 2015 US$),NY.GDP.MKTP.KD,55744743300.7575,56082069882.0777,57469161881.7032,59573714041.5079,58507934861.5013,61254637764.4842,61385313861.4526,63235641034.9331,74191861111.7917,81789328824.8879,90466395512.0506,97264739776.2807,103092430105.159,105648871798.177,98173098011.3044,95846136293.4494,105074592365.381,112036643935.126,113324281573.545,113891896815.144,114567298105.683,117919386278.247,112362899556.381,113763086691.711
Kyrgyz Republic,KGZ,GDP (constant 2015 US$),NY.GDP.MKTP.KD,2678346669.70099,2868094204.01132,3152473026.2545,3219363310.60799,3337056452.95611,3518703669.32844,3705955757.57516,3705313715.49168,3965808133.70312,4244478032.01477,4237028318.88693,4368499017.43315,4741694417.57877,5140073377.27744,5288431036.33614,5263492561.84497,5577000617.04261,5572084479.78832,6180303659.14821,6429001465.58213,6678178340.45121,6967734531.18414,7298000773.99442,7572253083.98869
Lao PDR,LAO,GDP (constant 2015 US$),NY.GDP.MKTP.KD,3693284750.7703,3949167474.39645,4220557867.76554,4388013063.22522,4708617799.75876,4981660296.53754,5268176148.57955,5579985991.51835,5918523870.17316,6294805594.75746,6742213206.10435,7323342510.69867,7879684303.71102,8496261938.47692,9133632385.08677,9912448588.85412,10709275903.0759,11568812928.6298,12497360586.9096,13448655105.8431,14426381187.0894,15439522315.3825,16503696157.5675,17534840493.2613
Latvia,LVA,GDP (constant 2015 US$),NY.GDP.MKTP.KD,12347465586.9159,12667020997.8392,13786394334.0315,14659890892.6043,15063943883.257,15918933444.495,16926326526.1837,18125909789.9391,19652563501.1099,21280183324.6057,23560403549.1765,26379453886.5382,29002363545.9676,28061874917.6991,24063539456.7643,22987672592.1637,23577173747.936,25236374247.953,25743813334.6418,26232970564.5518,27252128626.6281,27897352624.5585,28821616714.9226,29971449461.1228
Lebanon,LBN,GDP (constant 2015 US$),NY.GDP.MKTP.KD,22000517780.9075,24483482075.154,24741774650.3805,25648739768.2638,25513933933.1039,25856298171.5442,26849094508.9295,27768179241.2287,28664285672.7215,30578900759.0141,31400182548.8178,31886733088.0942,34855586441.2995,38016684284.7451,41906610565.9608,45248719566.8798,45641179755.6486,46800713000.3787,48584298663.1031,49776391957.7016,50065946086.17,50858016664.5081,51255733475.3685,50383271292.7582
Lesotho,LSO,GDP (constant 2015 US$),NY.GDP.MKTP.KD,1252444403.1311,1322544164.24011,1371525957.46399,1392615303.69627,1399244502.11706,1453472877.84251,1505239509.00861,1516134973.88133,1585267344.84843,1612096000.49548,1667973222.39109,1738530071.83911,1811338223.37886,1911360830.8942,1887363416.11193,1986757270.54383,2078431262.35682,2210096177.00848,2249712845.93872,2288195174.13721,2359759799.04224,2444436584.23772,2367633610.30849,2338674200.23699
Liberia,LBR,GDP (constant 2015 US$),NY.GDP.MKTP.KD,..,..,..,..,..,2210291841.40324,2274838396.57866,2360440981.31983,1648882917.81076,1692081138.77775,1781443532.13696,1924741179.715,2108270637.95781,2258921100.98605,2378656103.44015,2523750024.99577,2730716854.94426,2949005327.42991,3205193907.94462,3227674916.86578,3227075700,3176896008.31,3254893758.73415,3292571599.13518
Libya,LBY,GDP (constant 2015 US$),NY.GDP.MKTP.KD,..,..,..,..,34058433301.2201,35311515706.504,34689016705.1694,34356401283.306,38828230843.9138,40560602832.7856,45375442047.1901,48325094086.9091,51394857251.19,52765740951.7173,52348816759.7288,54977402524.177,20849674343.402,46523870590.2202,40196624201.9613,30549434379.6316,27842131479.8726,27063813356.0672,34284683046.3217,39472915524.8697
Liechtenstein,LIE,GDP (constant 2015 US$),NY.GDP.MKTP.KD,..,..,..,..,..,..,..,..,..,..,..,..,..,..,..,..,..,..,..,..,6268391521.19701,..,..,..
Lithuania,LTU,GDP (constant 2015 US$),NY.GDP.MKTP.KD,17906118262.9529,18829798984.1914,20394728808.0258,21919389526.1953,21669164097.737,22469953565.5039,23936367205.5272,25552410589.9878,28252267302.5178,30108297210.9365,32436381430.4722,34841254106.5591,38711239487.338,39723315048.966,33828927895.8392,34387524905.8253,36464190341.0488,37865824499.5998,39210088851.8263,40596953568.0864,41418872976.1196,42462143259.0298,44280625711.6584,46048888511.4844
Luxembourg,LUX,GDP (constant 2015 US$),NY.GDP.MKTP.KD,30592112066.1739,31019812578.6804,32701034708.6536,34883669256.4406,37735472553.9084,40353608789.9227,41594221979.1531,42935809044.1761,44060460429.1678,45925051224.0507,47065312723.9514,49897098475.1319,53938098625.9734,53776189294.1632,52034403245.5432,53991112017.9913,54554940495.9722,55455043566.5641,57213961369.7134,58714732789.4715,60047430684.2639,63036706136.1418,63867017852.4888,65147153745.4421
"Macao SAR, China",MAC,GDP (constant 2015 US$),NY.GDP.MKTP.KD,13978299926.2602,13919720743.2271,13880859015.1485,13246346729.262,12933962631.8744,13677264829.1079,14072301746.3915,15326194317.8506,17110280082.1236,21666846358.4406,23416541212.9094,26552075096.1192,30395947084.9283,31426757288.1245,31827182114.6108,39823068644.0742,48431457277.1494,52907663460.8907,58596722397.0582,57396479644.8936,45047964934.2517,44742115109.7269,49208806475.0891,52389965631.9723
Madagascar,MDG,GDP (constant 2015 US$),NY.GDP.MKTP.KD,6386837757.80705,6524423302.69186,6765402395.60409,7030408254.3508,7360783100.33048,7688842819.82861,8148653747.99674,7137571145.72078,7835974782.4152,8247912260.50503,8640170191.32029,9106610509.19697,9626649348.48658,10272850945.3836,9864124140.02762,9925206717.3149,10081868865.0311,10385448869.3123,10624353266.733,10979122001.7387,11323020828.5844,11775165589.1409,12238319071.5291,12629254614.1071
Malawi,MWI,GDP (constant 2015 US$),NY.GDP.MKTP.KD,2709229618.56302,2907455321.17083,3017718212.06086,3135265990.28273,3230649500.62286,3281567051.37723,3118310276.93914,3171321552.09845,3352265725.26647,3533975211.57553,3649491172.04696,3821017256.82927,4187834913.65001,4507774477.61424,4883186907.12186,5218860380.1025,5472186739.10857,5575381209.65423,5865301032.39324,6199623191.48036,6373212640.84604,6531525831.97747,6792788858.48724,7091106971.76413
Malaysia,MYS,GDP (constant 2015 US$),NY.GDP.MKTP.KD,117334865369.351,129071520752.785,138523095019.844,128328605325.823,136204917219.306,148271131276.405,149038694328.511,157073352912.559,166165542824.222,177437278939.957,186898481577.263,197336475944.181,209766278120.599,219901701984.381,216573426577.903,232653672974.011,244970155626.68,258378484880.297,270506054026.373,286754600537.703,301354803994.367,314764434003.329,333060816796.825,349191140699.014
Maldives,MDV,GDP (constant 2015 US$),NY.GDP.MKTP.KD,1407651006.0827,1518273328.61933,1645777024.39249,1769122795.66331,1878377730.69742,1950616576.66625,1873691391.23205,2009878519.86615,2286237817.67907,2424183784.56432,2105911400.23515,2655796318.64553,2860660921.64989,3132004126.35956,2905596513.37854,3116691850.28246,3383690536.06311,3468871018.2716,3721442083.348,3994209877.43517,4109424799.72407,4369892497.95193,4684957819.54571,5065522982.52095
Mali,MLI,GDP (constant 2015 US$),NY.GDP.MKTP.KD,4906876168.66573,5253094821.17282,5506768048.65629,5923722223.0009,6261430289.165,6257621149.81349,7219807962.1781,7444077452.68989,8122906001.76515,8249623226.5892,8788717854.20238,9198464304.70882,9519823400.15338,9974218382.5386,10453611461.6156,11009109608.9997,11362847028.7725,11267770152.5549,11526373172.2741,12342980274.424,13104764333.9941,13871694352.1975,14607651004.213,15301000869.7067
Malta,MLT,GDP (constant 2015 US$),NY.GDP.MKTP.KD,4659151336.95773,4835143126.59492,5089325640.74115,5350184178.40896,5602711527.79319,6705396316.43182,6626628203.70576,6796618661.93276,7073517585.70953,7083439476.31199,7323114279.37424,7506934871.85177,7865368911.57217,8166326195.4954,8073730389.43748,8521308887.16299,8561107733.27416,8913629091.31255,9401503716.85343,10119171086.2088,11091434483.5238,11545175909.9201,12482577842.4421,13129078609.2481
Marshall Islands,MHL,GDP (constant 2015 US$),NY.GDP.MKTP.KD,181385000,162697000,152210100,150962900,149068100,151086600,161399900,167438600,164733000,166296800,170210500,169613300,175092500,164272500,169503800,180807400,179700300,175575800,182630400,180894800,183814300,186228256.225586,192281707.763672,199155300
Mauritania,MRT,GDP (constant 2015 US$),NY.GDP.MKTP.KD,3279931827.02798,3470785373.76005,3330402638.37319,3422914722.19783,3548644483.79605,3409607674.55895,3382348072.05817,3429074668.21235,3666650204.33332,3840183882.44335,4169145064.7058,4933482716.00152,4836321584.94595,4820309530.36144,4825027450.34607,4951454243.97486,5158067698.93502,5388634005.03128,5612306135.87204,5852222304.62506,6166857628.62212,6244616105.32215,6636187611.61287,6936590983.80618
Mauritius,MUS,GDP (constant 2015 US$),NY.GDP.MKTP.KD,4997715469.96102,5276980008.96319,5577107056.70932,5915745659.92928,6070201775.25793,6568127787.72036,6787998539.34692,6897619193.35533,7306333858.67203,7622699566.6697,7758196332.04349,8135674834.49649,8601606245.94978,9064971553.77287,9365482339.86802,9775428535.05529,10174025355.6815,10529721324.0715,10883562721.5665,11291105974.9625,11692287066.381,12141029169.7118,12604106489.7752,13077980211.1764
Mexico,MEX,GDP (constant 2015 US$),NY.GDP.MKTP.KD,677457226352.726,723343156837.845,772869394254.07,812779791419.35,835160123888.656,876437526455.268,872893299631.652,872545499822.64,885165846839.51,919869577686.507,941098392797.58,983401498615.029,1005935610109.39,1017439334703.69,963660094723.917,1012981356870.87,1050086944297.42,1088334499223.12,1103071549191.52,1134506587182.86,1171867608197.72,1202693965604.17,1228108442202.22,1255065357728.63
"Micronesia, Fed. Sts.",FSM,GDP (constant 2015 US$),NY.GDP.MKTP.KD,312739072.232645,302786553.06921,284434849.521501,292542710.018472,296563529.330979,310899125.003711,317638182.0248,319375655.487445,324396608.28907,314404696.27295,320824422.528081,320564377.351049,314678221.396249,307099219.76208,310456119.002577,317470533.372672,327593318.653529,321477741.865646,309648107.466093,302508316.50838,316489900,319338880.100054,327904142.657279,328598163.580178
Moldova,MDA,GDP (constant 2015 US$),NY.GDP.MKTP.KD,4435089561.78093,4174436678.08192,4243192342.81127,3965594551.83539,3832023233.7339,3912791402.37694,4151471694.07638,4475286471.3313,4770655380.1294,5123683863.46569,5507960160.33058,5772342239.76973,5945512520.79881,6409262506.02187,6024706737.11285,6452460920.49613,6827875834.03819,6787609520.16944,7401471794.64627,7771517678.36914,7745231660.33425,8086710150.73289,8466041015.96707,8830205885.88111
Monaco,MCO,GDP (constant 2015 US$),NY.GDP.MKTP.KD,3403463530.30746,3441266820.83104,3518256519.89204,3641510425.07031,3761700036.46887,3908791130.68119,3994305026.00391,4035306370.54492,4079191804.1009,4179967603.21626,4259195347.92176,4506396342.84367,5156619720.75005,5191005855.20009,4604422161.51575,4701115022.26313,5030193073.82155,5080495051.00429,5568222497.8739,5969134557.66312,6261622101.40908,6480778962.04188,6260432424.85014,6642318832.4905
Mongolia,MNG,GDP (constant 2015 US$),NY.GDP.MKTP.KD,3335782003.00578,3410339861.19066,3543231037.80486,3661572708.05423,3773996501.77532,3817248846.72777,3929961155.90462,4115965371.11071,4404273704.57033,4872245665.26682,5225662065.26437,5672781981.91558,6254129607.43511,6810770154.3411,6724368796.32197,7152385742.49397,8389088853.15609,9422609486.79415,10520241368.811,11349786121.9419,11619892396.0767,11793003750.1728,12457760794.1941,13422599495.6528
Montenegro,MNE,GDP (constant 2015 US$),NY.GDP.MKTP.KD,..,..,2734784269.89717,2868788882.71646,2599122687.38733,2679695495.47102,2709167931.26061,2760748698.46685,2829288684.45501,2954514499.96516,3078030978.2727,3341708024.46476,3569283357.679,3827083863.91606,3605300641.93084,3703881497.9949,3823459498.01912,3719316461.06744,3851314255.15119,3920010092.87276,4052913385.82677,4172445162.74113,4369237089.99028,4591102091.32374
Morocco,MAR,GDP (constant 2015 US$),NY.GDP.MKTP.KD,42002899315.6767,47199866080.3415,46463216658.3663,49826481077.4902,50365271041.7493,51328694703.1319,55085938450.0705,56805418286.3276,60191681383.0782,63079087391.5193,65155423664.6155,70090707003.6791,72566026312.9975,76864313557.1947,80126248490.8867,83183640110.5864,87547202071.659,90182338940.1732,94272490564.6266,96789088975.0283,101179808076.36,102252168737.73,106602592855.805,109958978323.143
Mozambique,MOZ,GDP (constant 2015 US$),NY.GDP.MKTP.KD,3393822449.70457,3774016074.94064,4200520222.36412,4617684468.83191,5157885381.5437,5218763943.39345,5849549386.54954,6393034055.1046,6832781004.10043,7373691814.95168,7863740609.86548,8626081042.19014,9292855217.42244,9972883624.84051,10602990082.0245,11292433937.9272,12130037161.6878,13010488540.3852,13916487848.665,14946100983.0608,15950969018.9458,16560968260.2214,17180566679.333,17772233412.3772
Myanmar,MMR,GDP (constant 2015 US$),NY.GDP.MKTP.KD,9925370809.85302,10589070464.5518,11228100136.6139,11875046112.3666,12881816573.3643,14481505242.6694,16287020221.526,18193097628.4552,20555712394.5412,23370876272.2569,26541589503.1237,30073444130.5995,33832770892.2325,37579502494.9627,41491470232.1901,45669365074.4751,49103727463.3385,52288474433.639,56418568204.3633,61044701089.8884,63045306513.9323,69669969114.8979,73676037276.3401,78394970757.9566
Namibia,NAM,GDP (constant 2015 US$),NY.GDP.MKTP.KD,4718978760.26391,4869576676.20465,5075077696.31312,5242128224.00169,5418750119.23524,5607982809.41703,5674041969.71839,5945752617.06193,6197840297.36377,6958287294.03789,7134280656.21559,7638900834.74057,8049418738.3023,8262713205.00298,8287168432.79712,8787651209.24496,9235060246.7522,9702509635.38126,10247278347.7583,10871595744.4514,11335179562.0211,11339010223.634,11222530147.3361,11341482622.8834
Nauru,NRU,GDP (constant 2015 US$),NY.GDP.MKTP.KD,..,..,..,..,..,..,..,..,..,33993795.5380172,32963680.5217136,36054025.5706243,27813105.4401959,33993795.5380172,37084140.5869278,41204600.652142,45325060.7173563,50475635.798874,65927361.0434273,83439316.3205876,86529661.3694983,89620006.418409,84469431.3368912,89620006.418409
Nepal,NPL,GDP (constant 2015 US$),NY.GDP.MKTP.KD,10651128227.9266,11218650607.7019,11785036808.6414,12140519419.35,12676228734.2054,13462154914.154,14108323830.938,14125274019.163,14682521413.9545,15370045638.1838,15904797352.8369,16439932516.5831,17000790723.6696,18038627648.6901,18856332840.0838,19764532017.4887,20440840355.7399,21348105727.1963,22100659153.2493,23429236486.3272,24360795410.1597,24466305357.2316,26662713937.3486,28695046273.5598
Netherlands,NLD,GDP (constant 2015 US$),NY.GDP.MKTP.KD,520708714684.51,538926969810.704,562257406145.201,588480625794.635,618105023861.259,644038500923.846,659024987583.284,660456874865.422,661484848899.321,674614964057.773,688450481177.563,712277676285.67,739150791322.307,755192764635.222,727500722452.721,737269160825.437,748705601252.125,740991283205.157,740026695664.856,750560201573.466,765264949780.999,782037366674.046,804801712034.334,823802397136.841
New Caledonia,NCL,GDP (constant 2015 US$),NY.GDP.MKTP.KD,..,..,..,..,..,..,..,..,..,..,..,..,..,..,..,..,..,..,..,..,8738203041.54819,..,..,..
New Zealand,NZL,GDP (constant 2015 US$),NY.GDP.MKTP.KD,102979856692.062,106704531808.435,108891705224.987,109760015341.969,115742921599.052,119105280078.105,123232095399.153,128992458724.873,134861360205.025,140293763838.282,144953121916.351,149129131261.005,153644031451.036,151930837009.013,151725472201.398,154043828518.628,157520192471.975,161049654282.676,165391204867.588,171698945936.993,178064471137.921,184706418173.26,191380381108.457,197515553618.438
Nicaragua,NIC,GDP (constant 2015 US$),NY.GDP.MKTP.KD,5732967705.67391,6096682561.94354,6338516677.34021,6573782225.9435,7036311601.69583,7324912272.36227,7541791460.56867,7598651958.34275,7790193677.87235,8204022053.73591,8555350957.79018,8910671758.51286,9363036176.62077,9684632561.38205,9365735516.75866,9778809539.52618,10396508541.0798,11071868447.2456,11617360100.1106,12173349186.8453,12756706583.3113,13338789291.3789,13956713237.944,13487252998.9628
Niger,NER,GDP (constant 2015 US$),NY.GDP.MKTP.KD,4104613417.80347,4108739806.37672,4171499808.97572,4587507422.87279,4577434976.01122,4522117693.12977,4850791307.5599,5089376050.80757,5199846575.71325,5218763699.72157,5601396609.31827,5933618241.46424,6120095490.97474,6593265424.6112,6722664911.52521,7299346317.20715,7471447161.28277,8259605981.34335,8698614829.25054,9276388713.21868,9683867893.68343,10239808402.3033,10751938078.1876,11527239152.5743
Nigeria,NGA,GDP (constant 2015 US$),NY.GDP.MKTP.KD,152649894872.176,159054968516.195,163726571073.571,167952769906.823,168933827206.049,177407437761.555,187905850476.826,216710230937.582,232632354125.246,254152145501.925,270515773388.94,286907481990.637,305817928143.344,326504898642.379,352745852800.291,380985472030.909,401207892113.29,418179231389.034,446077370458.38,474223597521.154,486803295097.89,478932323772.273,482791975286.219,492074893435.56
North Macedonia,MKD,GDP (constant 2015 US$),NY.GDP.MKTP.KD,5747925548.2488,5816044437.44254,5899794391.86956,6099132848.09816,6363775924.83272,6653272732.57214,6449199783.93517,6545529254.32999,6691010296.01737,7003754111.03409,7334617663.50844,7711398818.38526,8210595207.42465,8659879091.31501,8628823478.29707,8918644160.88708,9127330271.02902,9085692921.5693,9351472850.13088,9690849350.12469,10064515432.0265,10351173483.2755,10463149656.0944,10764550800.8128
Northern Mariana Islands,MNP,GDP (constant 2015 US$),NY.GDP.MKTP.KD,..,..,..,..,..,..,..,1607115151.51515,1612630303.0303,1562993939.39394,1364448484.84848,1270690909.09091,1185757575.75758,1054496969.69697,869187878.787879,881321212.121212,816242424.242424,822860606.060606,844921212.121212,880218181.818182,910000000,1175830303.0303,1448278787.87879,1168109090.90909
Norway,NOR,GDP (constant 2015 US$),NY.GDP.MKTP.KD,253493520719.231,266239041025.111,280308690709.931,287665185491.371,293455492404.671,302860679962.798,309144404257.518,313615418001.447,316469649684.82,329031642037.821,337670104371.189,345773607522.992,356126940167.407,357823457683.166,351643773896.869,354111728841.583,357587103441.149,367253074299.886,371050738865.351,378358747545.727,385801550067.169,389935641211.119,398994853776.997,403458923220.006
Oman,OMN,GDP (constant 2015 US$),NY.GDP.MKTP.KD,34036686045.8647,35073423152.1929,37189582491.3946,38172256864.3509,38298796482.4654,40807776067.814,42637107985.1033,42167714003.9131,41042430093.7238,41572782442.6453,42608036805.8948,44896893158.1114,46896010004.035,50741519392.7659,53843041757.594,54765903529.755,56174553823.4426,61307378083.6797,64436975711.9439,65368289735.4748,68420257566.6036,71831860918.8572,71907240908.4021,72802849076.2704
Pakistan,PAK,GDP (constant 2015 US$),NY.GDP.MKTP.KD,124794869863.349,130843154669.862,132170422414.922,135541077856.021,140502061227.382,146487572693.571,151694353661.57,155499360359.85,164482611265.205,176895883687.017,188427333766.418,199542632868.452,209186163705.04,212745268527.286,218769488047.733,222284432536.034,228393711033.314,236403554808.652,246796934575.862,258333970574.422,270556131701.171,285509054412.054,301367019402.694,318956056854.94
Palau,PLW,GDP (constant 2015 US$),NY.GDP.MKTP.KD,..,..,..,..,..,224719300,239191500,247753100,239668000,251306300,261257699.999999,260197900,265456900,250108400,233625100,234129899.999999,249778400,253956200,245353900,260796100,280457700,280223900,271021939.923954,270731351.711026
Panama,PAN,GDP (constant 2015 US$),NY.GDP.MKTP.KD,16601914501.5347,17279223339.6757,18395632307.7634,19746147782.9381,20519645184.9115,21076830326.925,21197868828.6207,21670400997.9535,22581748833.1477,24280365968.5118,26026434925.2171,28278363256.778,31667238224.3465,34788251861.9712,35220667245.9997,37273325312.3854,41490290029.6849,45547553926.1957,48691900511.4064,51158930736.007,54091713775.5634,56771111623.6781,59945370839.2337,62154564175.7151
Papua New Guinea,PNG,GDP (constant 2015 US$),NY.GDP.MKTP.KD,11134242443.6584,11995330883.6588,11526986425.387,11092521256.4098,11298348977.6281,11016473022.8638,11003111296.3519,10985627293.8463,11223367528.9971,11528775083.5175,12260252334.9995,12923525131.7474,13933523075.8022,13892216053.4364,14836945298.4298,16339698488.6725,16520667777.8234,17290055034.437,17951390359.587,20382685493.2873,21723531173.2409,22916060308.3633,23726053854.9686,23659798307.4477
Paraguay,PRY,GDP (constant 2015 US$),NY.GDP.MKTP.KD,20358064591.9868,20678456785.6476,21555743644.5683,21570409688.7918,21275740698.1515,20783390151.4725,20610045305.6144,20605633850.1078,21495950844.4483,22368131501.4495,22845353498.8775,23943556414.6514,25241685745.642,26881459387.6179,26811261862.8241,29786033372.5215,31062773330.7155,30842835503.6527,33400655443.4719,35171303879.9459,36211372702.8085,37756883444.301,39573019311.3664,40841037917.5024
Peru,PER,GDP (constant 2015 US$),NY.GDP.MKTP.KD,76918772627.4153,79071708366.0509,84193044083.4447,83863396696.4583,85117079539.329,87410449785.3084,87950552246.3255,92746961064.3748,96609893451.2561,101400008285.783,107773059976.197,115887184858.498,125758904639.434,137236376966.525,138740245654.411,150300719889.204,159810535617.601,169622462555.073,179549648065.8,183826803243.25,189805300841.603,197308909322.23,202278796061.116,210307558791.895
Philippines,PHL,GDP (constant 2015 US$),NY.GDP.MKTP.KD,119491952442.596,126494596534.476,133055127054.353,132371103155.836,136800837504.362,142796140820.36,147150325740.485,152618807081.032,160382390171.199,170918275875.837,179365920408.317,188901760374.153,201216816876.726,209958655941.226,212999535577.63,228621986430.26,237442754961.546,253819067111.502,270953202686.745,288153278076.74,306446140627.933,328355374912.941,351113647615.503,373379468918.565
Poland,POL,GDP (constant 2015 US$),NY.GDP.MKTP.KD,217604191537.339,230911526727.683,245803156917.363,257209974797.719,269182650218.862,281460140602.202,285002254940.974,290804615996.817,300978113808.197,315975328292.877,327056108237.167,347108369810.32,371619578193.394,387227483751.161,398194455498.077,413089003846.664,432742273511.076,438475659901.844,443411858336.649,458392890303.754,477811911394.084,492823451386.125,516630057036.742,544288897731.795
Portugal,PRT,GDP (constant 2015 US$),NY.GDP.MKTP.KD,158239473093.336,163784575191.471,170992517746.792,179213774691.332,186214899582.842,193321191731.634,197078722177.329,198598049393.36,196750052455.619,200269390847.402,201835193506.791,205115084381.071,210256457336.054,210927696713.41,204342366502.538,207893071520.955,204366862460.477,196075098813.62,194266022356.341,195804978945.287,199313894327.486,203339009314.857,210468777080.153,216465718529.231
Puerto Rico,PRI,GDP (constant 2015 US$),NY.GDP.MKTP.KD,80794212090.541,82663553842.2796,86697607360.0914,91492614135.1723,96423791493.1329,99578743747.9418,105865619408.984,106835834812.002,106892906306.298,116244621336.42,113934911929.682,112329097302.225,111022927043.648,108975515220.929,106847849863.433,106406296723.36,106024818840.439,106055857723.302,105730450080.391,104471873443.039,103375500000,102069864411.212,99124174302.1521,95013024204.3275
Qatar,QAT,GDP (constant 2015 US$),NY.GDP.MKTP.KD,..,..,..,..,..,33690629183.4261,35003952796.7125,37517989780.6433,38913643496.7552,46392423696.024,49868495957.88,62919203862.1424,74235635940.1634,87348289335.5953,97792140945.0617,116951901413.005,132594424542.771,138866156527.608,146581616623.746,154400753941.045,161739955576.923,166695978169.384,164199531361.81,166227185730.265
Romania,ROU,GDP (constant 2015 US$),NY.GDP.MKTP.KD,103248261288.105,107282895750.451,102080680828.4,100008633994.701,99631940768.0768,102084145319.92,107411035119.239,113536677483.738,116194738376.305,128311657015.269,134301435131.239,145084243630.272,155579358880.783,170059856633.111,160676983612.891,154408594834.276,157351727197.999,160562749027.636,166617509768.333,172630275253.713,177729210874.504,186087811658.571,199708413252.137,208644413683.726
Russian Federation,RUS,GDP (constant 2015 US$),NY.GDP.MKTP.KD,721498374080.086,694405609132.078,704126703002.417,666808257949.712,709483417602.604,780432233409.801,820234677092.259,858785640548.236,921476583049.999,987822416663.347,1051042710015.96,1137228929627.05,1233893135821.89,1298055199647.43,1196806973081.95,1250663286871.01,1304442173222.47,1356934050143.93,1380753971008.75,1390920009905.68,1363481063446.77,1366121990896.57,1391064510462.35,1430115105089.32
Rwanda,RWA,GDP (constant 2015 US$),NY.GDP.MKTP.KD,1731850898.83953,1952587345.47272,2223015859.90176,2419945487.65653,2525258812.82069,2736646163.39935,2968838662.31515,3360490015.90711,3434500289.67914,3690290869.74047,4036362635.98562,4408800959.68025,4745337134.83964,5274975755.0243,5604569951.39505,6015645883.64785,6494395409.36922,7055608599.62637,7388623038.1447,7844291737.78968,8539048447.78065,9048893196.08725,9408703403.70819,10215916012.4694
Samoa,WSM,GDP (constant 2015 US$),NY.GDP.MKTP.KD,473354482.126273,507336468.753207,510600783.647411,521807905.21396,533211667.632797,570103486.923682,609667310.891947,636151235.150575,664876532.558371,695627077.252314,724540743.976114,738805562.576895,785517614.092775,793444176.150045,755293207.32538,758822283.280399,789961624.284062,757695689.03317,755101889.567044,755495830.859402,787958585.894736,851990065.382589,860871497.108043,850255553.431403
San Marino,SMR,GDP (constant 2015 US$),NY.GDP.MKTP.KD,..,..,1248960787.28583,1342203439.38183,1463664262.50688,1495563064.53972,1578990700.62561,1583898208.63066,1645242058.69382,1720081555.77086,1761795373.81381,1829273608.88328,1959322571.01717,1949507555.00706,1748299726.79992,1652603320.70139,1515193096.55993,1408454797.45004,1397412904.43867,1387597888.42857,1419394771.21029,1452671145.41094,1456422893.31885,1478921148.04195
Sao Tome and Principe,STP,GDP (constant 2015 US$),NY.GDP.MKTP.KD,..,..,..,..,..,..,156544397.549035,160265267.270678,170800267.628888,177345716.310309,189926220.176159,207239214.671228,213981960.430101,231498896.158493,237115713.041909,252936034.663125,264060672.435369,272357396.602142,285470840.526705,304168994.896737,316066072.343754,329229494.061209,341901474.463989,351971392.289827
Saudi Arabia,SAU,GDP (constant 2015 US$),NY.GDP.MKTP.KD,336810425357.359,345693545080.949,349509248374.542,359621817969.018,346088223261.205,365557126040.121,361131165571.406,350950248185.709,390404290519.522,421474388233.016,444966738933.334,457374201394.463,465822498631.486,494935346236.653,484743394128.556,509171960046.465,560073099588.165,590381146784.223,606317037769.881,628462656603.729,654269902880,665200297859.423,660267820003.934,676339470191.761
Senegal,SEN,GDP (constant 2015 US$),NY.GDP.MKTP.KD,8501672094.08199,8673403932.72737,8937561212.6596,9464741412.29439,10059440290.3236,10450471955.6194,10900976279.1413,10908464876.4585,11518679050.4523,12053525176.4053,12573060862.3476,12866110116.6401,13229850386.2124,13719774112.9167,14097356631.5485,14575382382.5758,14769831258.7611,15361066946.9254,15731635064.1982,16710783740.8942,17774766636.0459,18904542991.9138,20304894402.6232,21565674237.7591
Serbia,SRB,GDP (constant 2015 US$),NY.GDP.MKTP.KD,21208001183.6995,22536487904.76,24160778190.5205,24967960158.5863,22614939243.4984,24001645048.2211,25652664150.9989,27289408095.1077,28486801015.3348,31058645509.5698,32776296417.471,34450440854.5428,36668885796.8926,38742722729.4199,37684367630.5975,37959857147.321,38732824869.453,38468844257.1275,39581608177.0844,38952454430.3262,39655958842.5478,40979907436.1694,41840962435.9212,43721764447.4752
Seychelles,SYC,GDP (constant 2015 US$),NY.GDP.MKTP.KD,674416356.329656,707580951.605291,792218643.264218,858791933.049531,874868574.608098,888117049.011209,867946465.315423,878473191.428979,826756354.354268,803190047.600524,875523427.103148,957876280.271721,1057700744.83997,1034993045.23323,1023553828.13811,1084506074.45092,1170044100.78907,1184796354.18336,1256098308.99354,1312682840.26448,1377495054.04127,1440344964.02941,1508593706.42961,1535313668.74881
Sierra Leone,SLE,GDP (constant 2015 US$),NY.GDP.MKTP.KD,1813166197.14561,1844965893.91369,1736535735.18217,1767533146.055,1732548617.22646,1847810362.20075,1730558384.34885,2187725471.6925,2391470991.34043,2549258928.69872,2664105482.35345,2776635014.2343,3000380294.03056,3162349379.67518,3263166697.5142,3437630797.22922,3654718730.25859,4209569688.52042,5081614391.02665,5313171991.3514,4218723875.1379,4474187603.74251,4661772843.95975,4823284725.67196
Singapore,SGP,GDP (constant 2015 US$),NY.GDP.MKTP.KD,107027567646.203,115024003491.417,124593904567.937,121858597614.198,128833794006.401,140479269711.958,138977524003.491,144417951702.066,150968431771.894,165792915333.139,177993671806.808,194022257782.95,211527203956.939,215479051498.4,215739743962.758,247077320337.504,262736761710.794,274459048588.886,287735452429.444,299066482397.44,308004146057.608,318257710212.395,332644166424.207,344278295024.731
Sint Maarten (Dutch part),SXM,GDP (constant 2015 US$),NY.GDP.MKTP.KD,..,..,..,..,..,..,..,..,..,..,..,..,..,..,1108116839.82084,1143576512.44684,1196181066.28574,1212814522.26835,1228662707.79684,1248080304.4804,1253072625.69832,1259337988.82682,1186296385.47486,1108000824.03352
Slovak Republic,SVK,GDP (constant 2015 US$),NY.GDP.MKTP.KD,40424524737.8811,43100586422.6758,45654657416.2231,47515586072.603,47465258840.3229,48018954884.2143,49581388198.73,51817232443.3548,54666705591.5207,57552495131.3525,61364463010.8083,66576255051.8323,73787814273.9176,77901401736.3529,73651464495.0875,78286561774.4319,80351290323.9172,81442643087.9476,81975901249.2426,84209231239.4802,88601289843.0917,90312783950.7874,93004273863.5394,96533237845.8948
Slovenia,SVN,GDP (constant 2015 US$),NY.GDP.MKTP.KD,26407064103.9919,27252883901.1043,28629098249.0893,29567951003.8593,31144711243.0213,32288460757.9407,33327038579.3106,34495350596.1761,35516502760.3203,37064735583.8026,38472444101.1001,40683223436.5281,43522977832.513,45050565377.9113,41649951475.7119,42209622062.3397,42573185243.0387,41449492091.7437,41022859610.5451,42158437521.4397,43090173394.6913,44465548179.1249,46606733574.1946,48667926418.7897
Solomon Islands,SLB,GDP (constant 2015 US$),NY.GDP.MKTP.KD,919753332.470923,934543474.727369,925973485.756344,937999115.441491,933437669.698849,800188163.762274,736466148.99385,715870530.337678,762590792.792618,813319598.475941,858381153.388102,900125293.214705,940210725.49853,994809848.78167,1020243364.43761,1108154864.2049,1188740405.65824,1210856506.22863,1275407874.76844,1288815760.73924,1307061543.70981,1383914993.1919,1457865704.47412,1515367565.95713
Somalia,SOM,GDP (constant 2015 US$),NY.GDP.MKTP.KD,..,..,..,..,..,..,..,..,..,..,..,..,..,..,..,..,..,..,3313006110.5421,3557521642.31898,4048860871.41323,4316910515.3581,4383965187.07777,4673212321.83656
South Africa,ZAF,GDP (constant 2015 US$),NY.GDP.MKTP.KD,193189961762.588,201497130113.101,206736055498.991,207769735777.192,212756209430.574,221691970228.101,227677653424.683,236102579035.79,243065422272.369,254135982543.496,267546870424.295,282539679229.874,297685145427.081,307184409060.741,302459639039.778,311653604140.269,321528523981.702,329233094599.263,337416077838.151,342186555600.731,346709790458.563,349013858372.625,353055253707.071,358307364996.503
South Sudan,SSD,GDP (constant 2015 US$),NY.GDP.MKTP.KD,..,..,..,..,..,..,..,..,..,..,..,..,..,20185217785.8109,21202884179.2359,22367646895.0144,21329717232.6938,11500530835.4315,13010519613.8763,13449448810.7001,11997800760.2242,..,..,..
Spain,ESP,GDP (constant 2015 US$),NY.GDP.MKTP.KD,794243755639.522,815374804972.54,845564711753.314,882710685369.584,922348732037.409,970735097454.978,1008913612242.14,1036467267290.14,1067373631209.9,1100705524174.5,1140903649565.53,1187711812957.12,1230525117812.13,1241441662114.08,1194723333131.55,1196670854394.8,1186925484611.08,1151799121598.68,1135266263129.81,1150977303115.72,1195119269971.52,1231346936295.09,1267962775991.18,1296983726387.29
Sri Lanka,LKA,GDP (constant 2015 US$),NY.GDP.MKTP.KD,28250054748.3283,29323547564.2245,31201837991.2665,32667832338.2963,34072725697.7986,36117100538.2314,35558943928.6969,36968740732.7157,39164783406.8411,41297329862.7003,43875005141.899,47239468607.3693,50450253148.132,53452087679.8611,55343710053.3391,59780043793.0496,64804396873.6989,70730481764.6747,73132299827.3428,76760174257.5997,80604080688.5775,84220491206.1208,87234043286.1478,90088341599.9213
St. Kitts and Nevis,KNA,GDP (constant 2015 US$),NY.GDP.MKTP.KD,521925353.401743,552420606.416903,590117605.062976,587245232.528103,606153862.033029,667028733.098178,702070752.943902,711673080.451784,683680168.082946,711002397.653787,780202986.21132,804777729.009674,809611270.553863,859172416.626584,824394044.501452,819370861.61438,834352527.702065,815763050.701014,859681210.47334,913710491.600306,923155555.555555,1046810961.91189,1056232251.3183,1084750516.46091
St. Lucia,LCA,GDP (constant 2015 US$),NY.GDP.MKTP.KD,1310044754.91923,1348331965.16334,1338972786.57812,1423146925.38463,1461153537.14454,1461865828.35861,1412044505.89107,1417924972.19785,1478393963.44466,1585834897.4768,1579328141.94129,1677171583.8102,1705542929.84548,1789955740.27322,1739319690.42175,1767215984.69125,1864119706.28248,1860394230.60565,1801338292.79477,1833017815.11509,1808079888.88889,1874008180.18375,1939631311.22841,1996393087.00344
St. Martin (French part),MAF,GDP (constant 2015 US$),NY.GDP.MKTP.KD,..,..,..,..,..,..,..,..,..,..,..,..,..,..,..,..,..,..,..,..,..,..,..,..
St. Vincent and the Grenadines,VCT,GDP (constant 2015 US$),NY.GDP.MKTP.KD,472933919.888863,479024868.025006,495815421.393841,516095261.634638,530083016.902061,538771253.762445,547984195.415605,582623456.818708,627424501.041908,653502329.24288,669763805.279,721254835.610095,745365020.838157,757175251.215559,741281068.534383,716440669.136374,713423616.577912,723261831.442464,736554352.859458,745474334.336652,755400000,769741931.002547,777437601.296596,794228154.665432
Sudan,SDN,GDP (constant 2015 US$),NY.GDP.MKTP.KD,28079626566.5702,29741694694.5969,32884421146.9749,34301247781.5484,35365991332.1091,37610270377.1344,40055073506.847,42460970095.8851,45131259048.7124,47451406763.008,50129334265.0222,53403487491.79,56466323951.3765,58638439292.8844,57015500648.426,59215296613.7581,57312394053.386,47566600027.2224,48496595854.7667,50757206252.6521,51726758676.7677,53520457581.1072,53900054790.1369,52455031754.9093
Suriname,SUR,GDP (constant 2015 US$),NY.GDP.MKTP.KD,2656779611.90623,2683347440.51278,2836298182.45676,2901533087.48207,2860911610.61843,2920990722.04174,3043672344.66005,3128895191.26643,3326015570.5798,3608726900.22536,3771119618.34519,3989601077.06266,4193529048.49709,4367284016.7413,4498900810.7238,4731441127.40364,5008200515.11693,5142938624.98902,5293803728.74411,5307329557.76041,5126291450.81511,4874293909.32771,4950683407.96675,5195656627.74022
Sweden,SWE,GDP (constant 2015 US$),NY.GDP.MKTP.KD,305836832131.49,310667391570.025,320206516443.849,334013297425.391,348199457231.41,364795858131.684,370083569053.714,378214012929.902,386950040254.662,403731506887.751,415273396287.166,434636654376.703,449584772840.507,447559127029.566,428135998219.291,453619110971.171,468113753183.843,465359818585.788,470887249502.535,483402482698.498,505103781349.757,515562425649.407,528801679620.708,539113433181.757
Switzerland,CHE,GDP (constant 2015 US$),NY.GDP.MKTP.KD,474506900447.609,476850536940.097,487671077298.662,502619811840.127,511393213561.78,531728300528.38,540107366876.977,540077626067.21,539824619288.177,555055922695.108,571056178053.274,593984127045.962,617718082948.208,634739375364.561,621539124455.347,641851654874.59,654178069212.448,662140683175.346,674202686730.706,690699382518.561,702149580770.901,716509848990.836,727865237631.492,749096375856.472
Syrian Arab Republic,SYR,GDP (constant 2015 US$),NY.GDP.MKTP.KD,17215590921.0746,18907120755.4557,19856977540.3221,21204333935.7625,20450848558.8567,20589023201.6162,20804649386.018,21627438302.2423,23185573048.2997,24786063750.5711,26326536904.9991,27655025440.3098,29224335239.8336,30532613087.8159,32337714239.5039,34016657913.8708,34986133631.7069,25771129919.7809,18993300159.5179,17035026353.1249,16492072144.2125,15563496238.984,15450273870.1186,15678283832.2679
Tajikistan,TJK,GDP (constant 2015 US$),NY.GDP.MKTP.KD,2694637853.03016,2244633373.73608,2282358346.29381,2403617024.74568,2492540055.61038,2700027178.00073,2958712358.69805,3278253404.66036,3638861248.94938,4013663919.05605,4282579342.09227,4582360033.55621,4939784121.61384,5330026981.83961,5537898095.33419,5897861420.90634,6334303201.41505,6809375907.5196,7313269707.44859,7803258828.32109,8271454300.59548,8842184615.904,9469979847.70115,10189698258.0971
Tanzania,TZA,GDP (constant 2015 US$),NY.GDP.MKTP.KD,15015529318.2879,15697890047.7539,16251284342.1098,16853965106.4484,17673719006.57,18472709779.8315,19594152576.252,20984004023.8573,22384222510.0956,24063893080.442,25862986552.997,27552414092.7827,29417308939.6003,31090099754.8306,32728269832.5955,34802104317.9451,37472175855.8666,39158481311.5869,41814047241.6479,44629162027.7952,47378599025.3044,50632142472.6201,54067877695.7031,57011856118.7153
Thailand,THA,GDP (constant 2015 US$),NY.GDP.MKTP.KD,213636222058.82,225710822686.697,219495705555.247,202739325941.902,212009191856.584,221454725108.405,229082177284.849,243168522955.031,260650499707.576,277043701431.254,288645289937.08,302984642091.15,319452316987.747,324965101944.033,322720833701.393,346968110267.494,349883100679.815,375224420609.029,385308560264.96,389101803069.629,401296437424.995,415081602962.932,432422388357.651,450539094020.301
Timor-Leste,TLS,GDP (constant 2015 US$),NY.GDP.MKTP.KD,..,..,..,..,..,832710157.342775,968839039.235297,903920143.306952,884194144.544148,887730944.322323,914253242.658869,876591445.020983,966550939.378805,1076646332.47372,1185864625.62365,1296499018.68476,1373719113.84159,1440390709.66001,1484585706.88814,1551570802.68689,1594410900,1648386596.61469,1597762999.78976,1586777700.47875
Togo,TGO,GDP (constant 2015 US$),NY.GDP.MKTP.KD,2012966655.89639,2190836649.68321,2505821506.76289,2448190705.0968,2508948713.07287,2489291611.57116,2509789403.27099,2605829571.27753,2780945785.45893,2753729633.06058,2625232364.19958,2694804489.77052,2663137292.71492,2771320662.6809,2924793933.75664,3103184695.75064,3301732629.56903,3517781736.27245,3732800624.6811,3953804391.92744,4180866177.03946,4413283843.4717,4605162314.02413,4834325004.35888
Tonga,TON,GDP (constant 2015 US$),NY.GDP.MKTP.KD,325682432.856835,331562730.850209,335619233.812164,343871302.27496,356631956.982368,359756017.487046,373243003.258665,391337871.885458,400370128.002669,390718402.887853,391035017.223244,390453801.062756,391512302.931345,410109801.543983,388787745.789828,391911617.158105,418633233.458214,422079014.981113,423397201.128372,431944322.376837,437006227.162781,465721908.539374,481195204.795033,482638835.660302
Trinidad and Tobago,TTO,GDP (constant 2015 US$),NY.GDP.MKTP.KD,9356027674.98812,10023531361.0614,10777587053.7732,11653219011.2404,12588368586.4902,13457137169.2501,14018101159.4213,15130677152.0961,17315696656.8061,18692303460.4587,19852896970.574,22475079237.2722,23543591634.6616,24342128361.6448,23273087990.9318,24046505001.8902,23975723054.1962,24280206193.2841,24821430152.0838,24594923440.0447,24959858249.4433,23561652382.5302,22857785669.7807,22872883185.6935
Tunisia,TUN,GDP (constant 2015 US$),NY.GDP.MKTP.KD,21278160096.4948,22798714617.9747,24039179784.5818,25189157069.7097,26714268467.804,27972503273.8457,29034415456.5702,29418412193.2983,30801783505.0614,32722518230.0983,33863403756.7813,35639234432.4336,38030456357.8463,39642104019.7019,40848591671.2,42282852743.2843,41579186123.1294,43206294380.3113,44132233102.3511,45326719904.0463,45780069046.659,46291627375.4741,47330504525.0953,48518929510.4004
Turkey,TUR,GDP (constant 2015 US$),NY.GDP.MKTP.KD,338183475098.096,363140280866.026,390657829906.207,400049831127.377,386995531429.888,413826859269.854,390031787736.966,415179953304.473,439107629560.404,482122333632.277,525476244038.33,561986270867.401,590330093012.939,595141428332.854,566436841006.172,614171064520.319,682958902917.534,715662340203.413,776392136706.161,814743696794.687,864316670330.882,893038641113.713,960034377547.426,988642300211.803
Turkmenistan,TKM,GDP (constant 2015 US$),NY.GDP.MKTP.KD,8306729733.44765,8863279974.39482,7852866037.13555,8410419552.77543,9798138736.69806,10334005228.0022,10782898471.2171,10810629921.4189,11164010879.7579,11722256910.1313,13250139963.3514,14704118675.0772,16330291193.8443,18730843999.3395,19873425504.8127,21701780648.8816,24891942388.6142,27654947984.1806,30475752706.6088,33614755226.4132,35799714285.7143,38019296559.4106,40490550853.5767,43000964982.7593
Turks and Caicos Islands,TCA,GDP (constant 2015 US$),NY.GDP.MKTP.KD,..,..,..,..,..,..,..,..,..,..,..,..,..,..,..,..,777808584.861436,770245957.00511,778494370.726366,846311318.210853,942070000,1010381250.54751,985220508.258304,1040500783.85448
Tuvalu,TUV,GDP (constant 2015 US$),NY.GDP.MKTP.KD,23225682.1955163,21841115.3959729,24025931.1622742,27750243.6030008,27316287.6880982,27051155.8506161,27493200.8560377,29661362.6124469,28672590.2537105,28284884.9034225,27215792.6341208,27797921.6541776,29563246.7027398,31923357.8188767,30508242.8069027,29675542.3122979,31905942.4828181,30682110.6701761,32086376.7842776,32518905.212618,35492074.2243257,36569160.4183757,38066308.3247897,39017966.0329094
Uganda,UGA,GDP (constant 2015 US$),NY.GDP.MKTP.KD,9118233776.95915,9945450393.05194,10452668548.4305,10965399690.9024,11848547321.285,12220817699.0599,12854303475.4536,13976829405.088,14881585726.5661,15894609992.302,16901146520.0313,18723891970.5517,20299025520.4311,22066817291.4067,23567695697.6304,24896350853.0852,27234530355.5065,28279643367.3868,29294007542.995,30789849595.7412,32387183844.6574,33935615198.6619,34998276925.5121,37204541627.5275
Ukraine,UKR,GDP (constant 2015 US$),NY.GDP.MKTP.KD,77156382575.6573,69440744318.0913,67357521988.5487,66077729070.7663,65945573612.6248,69836362455.7697,75981962351.8771,80039131086.2435,87656142929.1042,97995493998.7642,101005161395.226,108652687155.836,117579422924.362,120217307398.322,102020653239.426,106195342825.514,111977977452.847,112148536670.137,112199495948.904,100891026579.381,91030959454.6961,93253008738.9617,95453753896.395,98783526701.4211
United Arab Emirates,ARE,GDP (constant 2015 US$),NY.GDP.MKTP.KD,145314271057.453,153740179652.128,166332113236.674,166817793607.374,171659202375.145,190288867862.625,192951170927.269,197646554336.871,215040520020.46,235612235112.44,247051541802.929,271354791975.408,279995787306.862,288932794417.685,273784273643.589,278172625005.8,297445839250.289,310782691949.129,326486783333.234,340885128840.366,358135057862.492,368822581887.872,377576774179.067,382069392728.146
United Kingdom,GBR,GDP (constant 2015 US$),NY.GDP.MKTP.KD,1952054517412.47,1999460998701.84,2097615053794.97,2163773274107.94,2228472506419.7,2310310242259.62,2358195032558.94,2408264766526.86,2481232538113.9,2539681190241.87,2605542234871.46,2672872173613,2733532656769.68,2726982071458.17,2611157427578.93,2666812634394.31,2705683119057.25,2745453617575.54,2797343194531.22,2881016339886.08,2956573778737.76,3023494748188.97,3088029825367.96,3139010897079.7
United States,USA,GDP (constant 2015 US$),NY.GDP.MKTP.KD,11128873914000,11548717972000,12054756829000,12594979613000,13193648716000,13738214458000,13875368657000,14117035294000,14520953428000,15072588639000,15602120903000,16047557132000,16348636818000,16326307882000,15912149113000,16320099471000,16573197368000,16946019042000,17258178451000,17694115456000,18238300569000,18550435728000,18983157920000,19551981480000
Uruguay,URY,GDP (constant 2015 US$),NY.GDP.MKTP.KD,29059796814.191,30680740006.7497,33303232466.2847,34808168940.1149,34133164697.5803,33474418294.4582,32187618155.4394,29698869200.2434,29938029416.9209,31436176409.8546,33781356709.0888,35165911748.4727,37466293678.0781,40154929114.1067,41858901192.1605,45125322733.7231,47454751923.1645,49133785850.974,51412384155.7392,53077523938.4551,53274304222.136,54174532436.9212,55056360541.1392,55319478843.3587
Uzbekistan,UZB,GDP (constant 2015 US$),NY.GDP.MKTP.KD,26042595723.9587,26485319852.2289,27862556483.8121,29060646412.6744,30310254209.2359,31472652457.9389,32783122799.28,34085756312.7586,35528479367.6799,38174996010.7323,40828160980.888,43870438111.4842,48026287041.0659,52362657828.5972,56578340499.3268,60876692056.519,65457748296.7515,70106848793.845,75222230328.6554,80392884913.0359,86196265191.6645,91309557626.7342,95322863451.024,100427399822.586
Vanuatu,VUT,GDP (constant 2015 US$),NY.GDP.MKTP.KD,454509263.011591,465087218.06067,487908176.638776,493650145.293889,495315193.773837,524661673.232914,506835860.094651,480488916.500185,501093891.439538,521074473.198909,548719175.167452,595169130.556579,612260363.483101,646565259.371434,666203037.031993,674601737.452905,695769890.554593,702797374.580254,706090742.529562,728164877.892398,730870581.672312,765138748.550058,813461883.479127,837054151.279562
"Venezuela, RB",VEN,GDP (constant 2015 US$),NY.GDP.MKTP.KD,..,..,..,..,..,..,..,..,..,..,..,..,..,..,..,..,..,..,..,..,..,..,..,..
Vietnam,VNM,GDP (constant 2015 US$),NY.GDP.MKTP.KD,54650199378.1356,59754537561.6476,64625777743.1099,68351101919.343,71613901153.2914,76474563216.8366,81210551327.5298,86343724900.0757,92300633302.0672,99256788025.0218,106747943703.36,114196766977.542,122338430599.747,129264952639.792,136242542341.994,144993725389.756,154041772820.949,162124910214.551,170915133146.146,181142104435.943,193241108709.536,205242950036.447,219224603992.022,234736473566.404
Virgin Islands (U.S.),VIR,GDP (constant 2015 US$),NY.GDP.MKTP.KD,..,..,..,..,..,..,..,4688209978.65528,4669640875.1334,4823080309.4984,4991179562.4333,5166120064.03415,5373312166.48879,5438792689.43436,5080115795.09071,5110412753.46852,4691141942.36926,3996266542.15582,3745094983.99146,3678637139.8079,3663000000,3721639274.27962,3694274279.6158,3752913553.89541
West Bank and Gaza,PSE,GDP (constant 2015 US$),NY.GDP.MKTP.KD,5417706268.7,5483539608.51,6287822730.04,7189132045.65,7784423043.54,7118373518.32,6455607451.45,5649354254.92,6441160234.74,7853400000,8740100000,8653000000,8980800000,9648000000,10477100000,11082400000,12146400000,12886900000,13492400000,13471100000,13972400000,15211000000,15426900000,15616200000
"Yemen, Rep.",YEM,GDP (constant 2015 US$),NY.GDP.MKTP.KD,32265332093.1254,33760819690.2631,35526885994.0194,37660877536.1152,39082775452.6,41498839642.4389,43077308543.3772,44772500360.8019,46450304226.653,48295633791.0038,50996203964.1268,52612992387.4543,54369439233.832,56352602300.4041,58531323243.5074,63039585474.074,55024213750.0806,56340880282.5686,59058434742.686,58947066059.949,42445102386.6049,38465821483.3464,36514913626.9105,36789669148.9415
Zambia,ZMB,GDP (constant 2015 US$),NY.GDP.MKTP.KD,6747775256.59298,7167388797.89361,7440753543.99756,7412051123.98383,7756725565.34734,8059030210.46366,8487518230.93072,8869967014.46174,9485983915.84691,10153075785.3691,10887711636.03,11748243095.7729,12729507610.1931,13719086269.626,14984033821.7868,16527123087.7163,17446791765.2459,18772328031.8579,19721688163.3839,20648211567.0616,21251216798.7762,22053807071.9437,22826646593.6169,23747586257.2512
Zimbabwe,ZWE,GDP (constant 2015 US$),NY.GDP.MKTP.KD,17984288214.4925,19847585782.6041,20379619010.7206,20967614184.4926,20796136629.0787,20159943346.4712,20450168992.3914,18631326129.2109,15464918337.0639,14566787319.4106,13734865906.1513,13259434183.1388,12775023712.7974,10517811635.061,11782006307.5355,14100154121.2086,16101517724.0063,18784904690.9428,19158629010.1313,19614016081.7204,19963120600,20114015690.1416,21061283685.9496,22077324353.2946
,,,,,,,,,,,,,,,,,,,,,,,,,,,
,,,,,,,,,,,,,,,,,,,,,,,,,,,
,,,,,,,,,,,,,,,,,,,,,,,,,,,
Data from database: World Development Indicators,,,,,,,,,,,,,,,,,,,,,,,,,,,
Last Updated: 12/16/2021,,,,,,,,,,,,,,,,,,,,,,,,,,,
